,Categorie,precision,recall,f1-score,support,programme,libelle,id
0,10,0.5736677115987461,0.5874799357945425,0.5804916732751785,623.0,Modele_IMG_Reseau_RGB,efficientNet RGB max 4000 lr=0.01->0.0042 DR20-20,CNN05
1,40,0.5550935550935551,0.5318725099601593,0.5432349949135301,502.0,Modele_IMG_Reseau_RGB,efficientNet RGB max 4000 lr=0.01->0.0042 DR20-20,CNN05
2,50,0.5555555555555556,0.4464285714285714,0.4950495049504951,336.0,Modele_IMG_Reseau_RGB,efficientNet RGB max 4000 lr=0.01->0.0042 DR20-20,CNN05
3,60,0.7368421052631579,0.7544910179640718,0.7455621301775147,167.0,Modele_IMG_Reseau_RGB,efficientNet RGB max 4000 lr=0.01->0.0042 DR20-20,CNN05
4,1140,0.6361974405850092,0.651685393258427,0.6438482886216466,534.0,Modele_IMG_Reseau_RGB,efficientNet RGB max 4000 lr=0.01->0.0042 DR20-20,CNN05
5,1160,0.9028642590286424,0.9165613147914032,0.9096612296110412,791.0,Modele_IMG_Reseau_RGB,efficientNet RGB max 4000 lr=0.01->0.0042 DR20-20,CNN05
6,1180,0.4690265486725664,0.3464052287581699,0.3984962406015038,153.0,Modele_IMG_Reseau_RGB,efficientNet RGB max 4000 lr=0.01->0.0042 DR20-20,CNN05
7,1280,0.4315659679408138,0.4375,0.4345127250155183,800.0,Modele_IMG_Reseau_RGB,efficientNet RGB max 4000 lr=0.01->0.0042 DR20-20,CNN05
8,1281,0.3666666666666666,0.2657004830917874,0.3081232492997199,414.0,Modele_IMG_Reseau_RGB,efficientNet RGB max 4000 lr=0.01->0.0042 DR20-20,CNN05
9,1300,0.6826815642458101,0.76375,0.7209439528023599,800.0,Modele_IMG_Reseau_RGB,efficientNet RGB max 4000 lr=0.01->0.0042 DR20-20,CNN05
10,1301,0.7142857142857143,0.6521739130434783,0.6818181818181819,161.0,Modele_IMG_Reseau_RGB,efficientNet RGB max 4000 lr=0.01->0.0042 DR20-20,CNN05
11,1302,0.549792531120332,0.5321285140562249,0.5408163265306123,498.0,Modele_IMG_Reseau_RGB,efficientNet RGB max 4000 lr=0.01->0.0042 DR20-20,CNN05
12,1320,0.5518248175182482,0.5833333333333334,0.5671417854463616,648.0,Modele_IMG_Reseau_RGB,efficientNet RGB max 4000 lr=0.01->0.0042 DR20-20,CNN05
13,1560,0.6188679245283019,0.615,0.6169278996865203,800.0,Modele_IMG_Reseau_RGB,efficientNet RGB max 4000 lr=0.01->0.0042 DR20-20,CNN05
14,1920,0.8100358422939068,0.8475,0.8283445326817349,800.0,Modele_IMG_Reseau_RGB,efficientNet RGB max 4000 lr=0.01->0.0042 DR20-20,CNN05
15,1940,0.6918238993710691,0.6832298136645962,0.6874999999999999,161.0,Modele_IMG_Reseau_RGB,efficientNet RGB max 4000 lr=0.01->0.0042 DR20-20,CNN05
16,2060,0.5407124681933843,0.53125,0.5359394703656999,800.0,Modele_IMG_Reseau_RGB,efficientNet RGB max 4000 lr=0.01->0.0042 DR20-20,CNN05
17,2220,0.5853658536585366,0.4363636363636363,0.5,165.0,Modele_IMG_Reseau_RGB,efficientNet RGB max 4000 lr=0.01->0.0042 DR20-20,CNN05
18,2280,0.6888633754305397,0.75,0.7181328545780971,800.0,Modele_IMG_Reseau_RGB,efficientNet RGB max 4000 lr=0.01->0.0042 DR20-20,CNN05
19,2403,0.6783854166666666,0.65125,0.6645408163265306,800.0,Modele_IMG_Reseau_RGB,efficientNet RGB max 4000 lr=0.01->0.0042 DR20-20,CNN05
20,2462,0.6147540983606558,0.528169014084507,0.5681818181818182,284.0,Modele_IMG_Reseau_RGB,efficientNet RGB max 4000 lr=0.01->0.0042 DR20-20,CNN05
21,2522,0.7022332506203474,0.7075,0.7048567870485679,800.0,Modele_IMG_Reseau_RGB,efficientNet RGB max 4000 lr=0.01->0.0042 DR20-20,CNN05
22,2582,0.5680345572354212,0.5077220077220077,0.5361875637104995,518.0,Modele_IMG_Reseau_RGB,efficientNet RGB max 4000 lr=0.01->0.0042 DR20-20,CNN05
23,2583,0.7593896713615024,0.80875,0.7832929782082324,800.0,Modele_IMG_Reseau_RGB,efficientNet RGB max 4000 lr=0.01->0.0042 DR20-20,CNN05
24,2585,0.5242914979757085,0.5190380761523046,0.5216515609264853,499.0,Modele_IMG_Reseau_RGB,efficientNet RGB max 4000 lr=0.01->0.0042 DR20-20,CNN05
25,2705,0.6907692307692308,0.8134057971014492,0.7470881863560732,552.0,Modele_IMG_Reseau_RGB,efficientNet RGB max 4000 lr=0.01->0.0042 DR20-20,CNN05
26,2905,0.6507936507936508,0.7068965517241379,0.6776859504132232,174.0,Modele_IMG_Reseau_RGB,efficientNet RGB max 4000 lr=0.01->0.0042 DR20-20,CNN05
27,accuracy,0.640403337969402,0.640403337969402,0.640403337969402,0.640403337969402,Modele_IMG_Reseau_RGB,efficientNet RGB max 4000 lr=0.01->0.0042 DR20-20,CNN05
28,10,0.4382716049382716,0.426,0.4320486815415821,500.0,Modele_Img_Reseau_RGB_personnalise,modele perso RGB max 2500 lr=0.0001 DR20,CNN06
29,40,0.360128617363344,0.448,0.3992869875222816,500.0,Modele_Img_Reseau_RGB_personnalise,modele perso RGB max 2500 lr=0.0001 DR20,CNN06
30,50,0.1796116504854369,0.1101190476190476,0.1365313653136531,336.0,Modele_Img_Reseau_RGB_personnalise,modele perso RGB max 2500 lr=0.0001 DR20,CNN06
31,60,0.1864406779661017,0.1976047904191616,0.191860465116279,167.0,Modele_Img_Reseau_RGB_personnalise,modele perso RGB max 2500 lr=0.0001 DR20,CNN06
32,1140,0.2532894736842105,0.308,0.2779783393501805,500.0,Modele_Img_Reseau_RGB_personnalise,modele perso RGB max 2500 lr=0.0001 DR20,CNN06
33,1160,0.6716981132075471,0.712,0.69126213592233,500.0,Modele_Img_Reseau_RGB_personnalise,modele perso RGB max 2500 lr=0.0001 DR20,CNN06
34,1180,0.26,0.0849673202614379,0.1280788177339901,153.0,Modele_Img_Reseau_RGB_personnalise,modele perso RGB max 2500 lr=0.0001 DR20,CNN06
35,1280,0.0893970893970894,0.086,0.0876656472986748,500.0,Modele_Img_Reseau_RGB_personnalise,modele perso RGB max 2500 lr=0.0001 DR20,CNN06
36,1281,0.0991379310344827,0.1111111111111111,0.1047835990888382,414.0,Modele_Img_Reseau_RGB_personnalise,modele perso RGB max 2500 lr=0.0001 DR20,CNN06
37,1300,0.241779497098646,0.25,0.2458210422812193,500.0,Modele_Img_Reseau_RGB_personnalise,modele perso RGB max 2500 lr=0.0001 DR20,CNN06
38,1301,0.2857142857142857,0.1366459627329192,0.1848739495798319,161.0,Modele_Img_Reseau_RGB_personnalise,modele perso RGB max 2500 lr=0.0001 DR20,CNN06
39,1302,0.1494464944649446,0.1626506024096385,0.1557692307692307,498.0,Modele_Img_Reseau_RGB_personnalise,modele perso RGB max 2500 lr=0.0001 DR20,CNN06
40,1320,0.2112068965517241,0.196,0.2033195020746888,500.0,Modele_Img_Reseau_RGB_personnalise,modele perso RGB max 2500 lr=0.0001 DR20,CNN06
41,1560,0.205949656750572,0.18,0.192102454642476,500.0,Modele_Img_Reseau_RGB_personnalise,modele perso RGB max 2500 lr=0.0001 DR20,CNN06
42,1920,0.4775086505190311,0.552,0.5120593692022263,500.0,Modele_Img_Reseau_RGB_personnalise,modele perso RGB max 2500 lr=0.0001 DR20,CNN06
43,1940,0.1590909090909091,0.1304347826086956,0.1433447098976109,161.0,Modele_Img_Reseau_RGB_personnalise,modele perso RGB max 2500 lr=0.0001 DR20,CNN06
44,2060,0.1451327433628318,0.164,0.1539906103286385,500.0,Modele_Img_Reseau_RGB_personnalise,modele perso RGB max 2500 lr=0.0001 DR20,CNN06
45,2220,0.1147540983606557,0.0424242424242424,0.0619469026548672,165.0,Modele_Img_Reseau_RGB_personnalise,modele perso RGB max 2500 lr=0.0001 DR20,CNN06
46,2280,0.4853896103896103,0.598,0.5358422939068099,500.0,Modele_Img_Reseau_RGB_personnalise,modele perso RGB max 2500 lr=0.0001 DR20,CNN06
47,2403,0.28,0.42,0.3360000000000001,500.0,Modele_Img_Reseau_RGB_personnalise,modele perso RGB max 2500 lr=0.0001 DR20,CNN06
48,2462,0.3395348837209302,0.2570422535211267,0.2925851703406813,284.0,Modele_Img_Reseau_RGB_personnalise,modele perso RGB max 2500 lr=0.0001 DR20,CNN06
49,2522,0.4073226544622426,0.356,0.3799359658484525,500.0,Modele_Img_Reseau_RGB_personnalise,modele perso RGB max 2500 lr=0.0001 DR20,CNN06
50,2582,0.2402597402597402,0.148,0.1831683168316831,500.0,Modele_Img_Reseau_RGB_personnalise,modele perso RGB max 2500 lr=0.0001 DR20,CNN06
51,2583,0.3215686274509804,0.328,0.3247524752475247,500.0,Modele_Img_Reseau_RGB_personnalise,modele perso RGB max 2500 lr=0.0001 DR20,CNN06
52,2585,0.2473347547974413,0.2324649298597194,0.2396694214876032,499.0,Modele_Img_Reseau_RGB_personnalise,modele perso RGB max 2500 lr=0.0001 DR20,CNN06
53,2705,0.6788990825688074,0.74,0.7081339712918661,500.0,Modele_Img_Reseau_RGB_personnalise,modele perso RGB max 2500 lr=0.0001 DR20,CNN06
54,2905,0.8975903614457831,0.8514285714285714,0.8739002932551319,175.0,Modele_Img_Reseau_RGB_personnalise,modele perso RGB max 2500 lr=0.0001 DR20,CNN06
55,accuracy,0.3227095251066921,0.3227095251066921,0.3227095251066921,0.3227095251066921,Modele_Img_Reseau_RGB_personnalise,modele perso RGB max 2500 lr=0.0001 DR20,CNN06
56,10,0.338865836791148,0.3932584269662921,0.3640416047548291,623.0,Model_img_reseau_RGB_personnalise_Gener_L1,modele perso RGB max 4000 Generation l1=0.001 DR10,CNN07
57,40,0.3258426966292135,0.3466135458167331,0.3359073359073359,502.0,Model_img_reseau_RGB_personnalise_Gener_L1,modele perso RGB max 4000 Generation l1=0.001 DR10,CNN07
58,50,0.2430278884462151,0.181547619047619,0.2078364565587734,336.0,Model_img_reseau_RGB_personnalise_Gener_L1,modele perso RGB max 4000 Generation l1=0.001 DR10,CNN07
59,60,0.2727272727272727,0.2694610778443114,0.2710843373493976,167.0,Model_img_reseau_RGB_personnalise_Gener_L1,modele perso RGB max 4000 Generation l1=0.001 DR10,CNN07
60,1140,0.1531100478468899,0.299625468164794,0.2026599113362888,534.0,Model_img_reseau_RGB_personnalise_Gener_L1,modele perso RGB max 4000 Generation l1=0.001 DR10,CNN07
61,1160,0.7309782608695652,0.6801517067003793,0.7046496398166339,791.0,Model_img_reseau_RGB_personnalise_Gener_L1,modele perso RGB max 4000 Generation l1=0.001 DR10,CNN07
62,1180,0.0925925925925925,0.065359477124183,0.0766283524904214,153.0,Model_img_reseau_RGB_personnalise_Gener_L1,modele perso RGB max 4000 Generation l1=0.001 DR10,CNN07
63,1280,0.1312154696132596,0.11875,0.1246719160104986,800.0,Model_img_reseau_RGB_personnalise_Gener_L1,modele perso RGB max 4000 Generation l1=0.001 DR10,CNN07
64,1281,0.1103448275862069,0.0772946859903381,0.0909090909090909,414.0,Model_img_reseau_RGB_personnalise_Gener_L1,modele perso RGB max 4000 Generation l1=0.001 DR10,CNN07
65,1300,0.3393461104847801,0.37625,0.3568464730290456,800.0,Model_img_reseau_RGB_personnalise_Gener_L1,modele perso RGB max 4000 Generation l1=0.001 DR10,CNN07
66,1301,0.4805194805194805,0.2298136645962732,0.3109243697478991,161.0,Model_img_reseau_RGB_personnalise_Gener_L1,modele perso RGB max 4000 Generation l1=0.001 DR10,CNN07
67,1302,0.1963048498845265,0.1706827309236948,0.1825993555316863,498.0,Model_img_reseau_RGB_personnalise_Gener_L1,modele perso RGB max 4000 Generation l1=0.001 DR10,CNN07
68,1320,0.2641129032258064,0.2021604938271605,0.229020979020979,648.0,Model_img_reseau_RGB_personnalise_Gener_L1,modele perso RGB max 4000 Generation l1=0.001 DR10,CNN07
69,1560,0.2506142506142506,0.255,0.2527881040892193,800.0,Model_img_reseau_RGB_personnalise_Gener_L1,modele perso RGB max 4000 Generation l1=0.001 DR10,CNN07
70,1920,0.530359355638166,0.535,0.5326695706285003,800.0,Model_img_reseau_RGB_personnalise_Gener_L1,modele perso RGB max 4000 Generation l1=0.001 DR10,CNN07
71,1940,0.2921348314606741,0.1614906832298136,0.2079999999999999,161.0,Model_img_reseau_RGB_personnalise_Gener_L1,modele perso RGB max 4000 Generation l1=0.001 DR10,CNN07
72,2060,0.190427698574338,0.23375,0.2098765432098765,800.0,Model_img_reseau_RGB_personnalise_Gener_L1,modele perso RGB max 4000 Generation l1=0.001 DR10,CNN07
73,2220,0.1379310344827586,0.0484848484848484,0.0717488789237668,165.0,Model_img_reseau_RGB_personnalise_Gener_L1,modele perso RGB max 4000 Generation l1=0.001 DR10,CNN07
74,2280,0.4590347923681257,0.51125,0.4837374334713187,800.0,Model_img_reseau_RGB_personnalise_Gener_L1,modele perso RGB max 4000 Generation l1=0.001 DR10,CNN07
75,2403,0.2772277227722772,0.245,0.2601194426011944,800.0,Model_img_reseau_RGB_personnalise_Gener_L1,modele perso RGB max 4000 Generation l1=0.001 DR10,CNN07
76,2462,0.2291666666666666,0.1549295774647887,0.1848739495798319,284.0,Model_img_reseau_RGB_personnalise_Gener_L1,modele perso RGB max 4000 Generation l1=0.001 DR10,CNN07
77,2522,0.3631010794896958,0.4625,0.4068169323804289,800.0,Model_img_reseau_RGB_personnalise_Gener_L1,modele perso RGB max 4000 Generation l1=0.001 DR10,CNN07
78,2582,0.2406876790830945,0.1621621621621621,0.1937716262975778,518.0,Model_img_reseau_RGB_personnalise_Gener_L1,modele perso RGB max 4000 Generation l1=0.001 DR10,CNN07
79,2583,0.4323725055432372,0.4875,0.4582843713278495,800.0,Model_img_reseau_RGB_personnalise_Gener_L1,modele perso RGB max 4000 Generation l1=0.001 DR10,CNN07
80,2585,0.3392405063291139,0.2685370741482966,0.2997762863534675,499.0,Model_img_reseau_RGB_personnalise_Gener_L1,modele perso RGB max 4000 Generation l1=0.001 DR10,CNN07
81,2705,0.7007575757575758,0.6702898550724637,0.6851851851851852,552.0,Model_img_reseau_RGB_personnalise_Gener_L1,modele perso RGB max 4000 Generation l1=0.001 DR10,CNN07
82,2905,0.8370786516853933,0.8563218390804598,0.8465909090909092,174.0,Model_img_reseau_RGB_personnalise_Gener_L1,modele perso RGB max 4000 Generation l1=0.001 DR10,CNN07
83,accuracy,0.3416550764951321,0.3416550764951321,0.3416550764951321,0.3416550764951321,Model_img_reseau_RGB_personnalise_Gener_L1,modele perso RGB max 4000 Generation l1=0.001 DR10,CNN07
84,10,0.4698972099853157,0.5136436597110754,0.4907975460122699,623.0,Model_img_reseau_RGB_personnalise_Gener_L2,modele perso RGB max 6000 Generation l2=0.01 DR50,CNN08
85,40,0.5653333333333334,0.4223107569721115,0.483466362599772,502.0,Model_img_reseau_RGB_personnalise_Gener_L2,modele perso RGB max 6000 Generation l2=0.01 DR50,CNN08
86,50,0.2937062937062937,0.125,0.1753653444676409,336.0,Model_img_reseau_RGB_personnalise_Gener_L2,modele perso RGB max 6000 Generation l2=0.01 DR50,CNN08
87,60,0.5660377358490566,0.180722891566265,0.273972602739726,166.0,Model_img_reseau_RGB_personnalise_Gener_L2,modele perso RGB max 6000 Generation l2=0.01 DR50,CNN08
88,1140,0.3554083885209713,0.301498127340824,0.3262411347517731,534.0,Model_img_reseau_RGB_personnalise_Gener_L2,modele perso RGB max 6000 Generation l2=0.01 DR50,CNN08
89,1160,0.6363636363636364,0.7876106194690266,0.703954802259887,791.0,Model_img_reseau_RGB_personnalise_Gener_L2,modele perso RGB max 6000 Generation l2=0.01 DR50,CNN08
90,1180,0.3666666666666666,0.0718954248366013,0.1202185792349726,153.0,Model_img_reseau_RGB_personnalise_Gener_L2,modele perso RGB max 6000 Generation l2=0.01 DR50,CNN08
91,1280,0.2047012732615083,0.1741666666666666,0.1882035119315623,1200.0,Model_img_reseau_RGB_personnalise_Gener_L2,modele perso RGB max 6000 Generation l2=0.01 DR50,CNN08
92,1300,0.3687589158345221,0.512388503468781,0.4288676897552883,1009.0,Model_img_reseau_RGB_personnalise_Gener_L2,modele perso RGB max 6000 Generation l2=0.01 DR50,CNN08
93,1301,0.4363636363636363,0.1490683229813664,0.2222222222222222,161.0,Model_img_reseau_RGB_personnalise_Gener_L2,modele perso RGB max 6000 Generation l2=0.01 DR50,CNN08
94,1302,0.24609375,0.1265060240963855,0.1671087533156498,498.0,Model_img_reseau_RGB_personnalise_Gener_L2,modele perso RGB max 6000 Generation l2=0.01 DR50,CNN08
95,1320,0.1901012373453318,0.2608024691358024,0.2199089134677943,648.0,Model_img_reseau_RGB_personnalise_Gener_L2,modele perso RGB max 6000 Generation l2=0.01 DR50,CNN08
96,1560,0.2859504132231405,0.3408866995073891,0.3110112359550561,1015.0,Model_img_reseau_RGB_personnalise_Gener_L2,modele perso RGB max 6000 Generation l2=0.01 DR50,CNN08
97,1920,0.4227707006369426,0.6167247386759582,0.5016532829475673,861.0,Model_img_reseau_RGB_personnalise_Gener_L2,modele perso RGB max 6000 Generation l2=0.01 DR50,CNN08
98,1940,0.2627118644067797,0.1925465838509316,0.2222222222222222,161.0,Model_img_reseau_RGB_personnalise_Gener_L2,modele perso RGB max 6000 Generation l2=0.01 DR50,CNN08
99,2060,0.3279569892473118,0.3053053053053053,0.3162260238465526,999.0,Model_img_reseau_RGB_personnalise_Gener_L2,modele perso RGB max 6000 Generation l2=0.01 DR50,CNN08
100,2220,0.4,0.0363636363636363,0.0666666666666666,165.0,Model_img_reseau_RGB_personnalise_Gener_L2,modele perso RGB max 6000 Generation l2=0.01 DR50,CNN08
101,2280,0.5285832642916322,0.6701680672268907,0.5910143584993052,952.0,Model_img_reseau_RGB_personnalise_Gener_L2,modele perso RGB max 6000 Generation l2=0.01 DR50,CNN08
102,2403,0.4107452339688041,0.4963350785340314,0.44950213371266,955.0,Model_img_reseau_RGB_personnalise_Gener_L2,modele perso RGB max 6000 Generation l2=0.01 DR50,CNN08
103,2462,0.3915343915343915,0.2605633802816901,0.3128964059196617,284.0,Model_img_reseau_RGB_personnalise_Gener_L2,modele perso RGB max 6000 Generation l2=0.01 DR50,CNN08
104,2522,0.5376756066411239,0.4218436873747495,0.4727681078046041,998.0,Model_img_reseau_RGB_personnalise_Gener_L2,modele perso RGB max 6000 Generation l2=0.01 DR50,CNN08
105,2582,0.2987421383647798,0.1833976833976834,0.2272727272727272,518.0,Model_img_reseau_RGB_personnalise_Gener_L2,modele perso RGB max 6000 Generation l2=0.01 DR50,CNN08
106,2583,0.5692821368948247,0.5683333333333334,0.5688073394495412,1200.0,Model_img_reseau_RGB_personnalise_Gener_L2,modele perso RGB max 6000 Generation l2=0.01 DR50,CNN08
107,2585,0.3223140495867768,0.2344689378757515,0.271461716937355,499.0,Model_img_reseau_RGB_personnalise_Gener_L2,modele perso RGB max 6000 Generation l2=0.01 DR50,CNN08
108,2705,0.6400580551523948,0.7989130434782609,0.7107171635777598,552.0,Model_img_reseau_RGB_personnalise_Gener_L2,modele perso RGB max 6000 Generation l2=0.01 DR50,CNN08
109,2905,0.8716577540106952,0.9367816091954024,0.9030470914127424,174.0,Model_img_reseau_RGB_personnalise_Gener_L2,modele perso RGB max 6000 Generation l2=0.01 DR50,CNN08
110,accuracy,0.4202707784881534,0.4202707784881534,0.4202707784881534,0.4202707784881534,Model_img_reseau_RGB_personnalise_Gener_L2,modele perso RGB max 6000 Generation l2=0.01 DR50,CNN08
111,10,0.9084628670120898,0.8443017656500803,0.8752079866888519,623.0,Model_Img_Reseau_RGB_EfficientNetB1_V01,EfficientNetB1 max5000 mIN2000 SIZE400  DR40-CC1024-CC1024-DR40,CNN25
112,40,0.970873786407767,0.5976095617529881,0.7398273736128237,502.0,Model_Img_Reseau_RGB_EfficientNetB1_V01,EfficientNetB1 max5000 mIN2000 SIZE400  DR40-CC1024-CC1024-DR40,CNN25
113,50,0.8323699421965318,0.8571428571428571,0.8445747800586509,336.0,Model_Img_Reseau_RGB_EfficientNetB1_V01,EfficientNetB1 max5000 mIN2000 SIZE400  DR40-CC1024-CC1024-DR40,CNN25
114,60,0.706140350877193,0.9698795180722892,0.8172588832487309,166.0,Model_Img_Reseau_RGB_EfficientNetB1_V01,EfficientNetB1 max5000 mIN2000 SIZE400  DR40-CC1024-CC1024-DR40,CNN25
115,1140,0.9194915254237288,0.8127340823970037,0.8628230616302186,534.0,Model_Img_Reseau_RGB_EfficientNetB1_V01,EfficientNetB1 max5000 mIN2000 SIZE400  DR40-CC1024-CC1024-DR40,CNN25
116,1160,0.9857881136950905,0.9646017699115044,0.9750798722044728,791.0,Model_Img_Reseau_RGB_EfficientNetB1_V01,EfficientNetB1 max5000 mIN2000 SIZE400  DR40-CC1024-CC1024-DR40,CNN25
117,1180,0.5353159851301115,0.9411764705882352,0.6824644549763033,153.0,Model_Img_Reseau_RGB_EfficientNetB1_V01,EfficientNetB1 max5000 mIN2000 SIZE400  DR40-CC1024-CC1024-DR40,CNN25
118,1280,0.9212827988338192,0.632,0.7497034400948992,1000.0,Model_Img_Reseau_RGB_EfficientNetB1_V01,EfficientNetB1 max5000 mIN2000 SIZE400  DR40-CC1024-CC1024-DR40,CNN25
119,1300,0.9083585095669688,0.902,0.9051680883090818,1000.0,Model_Img_Reseau_RGB_EfficientNetB1_V01,EfficientNetB1 max5000 mIN2000 SIZE400  DR40-CC1024-CC1024-DR40,CNN25
120,1301,0.670995670995671,0.9627329192546584,0.7908163265306122,161.0,Model_Img_Reseau_RGB_EfficientNetB1_V01,EfficientNetB1 max5000 mIN2000 SIZE400  DR40-CC1024-CC1024-DR40,CNN25
121,1302,0.9290322580645162,0.8674698795180723,0.8971962616822431,498.0,Model_Img_Reseau_RGB_EfficientNetB1_V01,EfficientNetB1 max5000 mIN2000 SIZE400  DR40-CC1024-CC1024-DR40,CNN25
122,1320,0.9471830985915493,0.8302469135802469,0.8848684210526315,648.0,Model_Img_Reseau_RGB_EfficientNetB1_V01,EfficientNetB1 max5000 mIN2000 SIZE400  DR40-CC1024-CC1024-DR40,CNN25
123,1560,0.9304257528556594,0.896,0.912888436067244,1000.0,Model_Img_Reseau_RGB_EfficientNetB1_V01,EfficientNetB1 max5000 mIN2000 SIZE400  DR40-CC1024-CC1024-DR40,CNN25
124,1920,0.9583333333333334,0.9616724738675958,0.96,861.0,Model_Img_Reseau_RGB_EfficientNetB1_V01,EfficientNetB1 max5000 mIN2000 SIZE400  DR40-CC1024-CC1024-DR40,CNN25
125,1940,0.5179153094462541,0.9875776397515528,0.6794871794871795,161.0,Model_Img_Reseau_RGB_EfficientNetB1_V01,EfficientNetB1 max5000 mIN2000 SIZE400  DR40-CC1024-CC1024-DR40,CNN25
126,2060,0.9212765957446808,0.8668668668668669,0.8932439401753481,999.0,Model_Img_Reseau_RGB_EfficientNetB1_V01,EfficientNetB1 max5000 mIN2000 SIZE400  DR40-CC1024-CC1024-DR40,CNN25
127,2220,0.3178137651821862,0.9515151515151516,0.4764795144157815,165.0,Model_Img_Reseau_RGB_EfficientNetB1_V01,EfficientNetB1 max5000 mIN2000 SIZE400  DR40-CC1024-CC1024-DR40,CNN25
128,2280,0.952076677316294,0.9390756302521008,0.9455314648334217,952.0,Model_Img_Reseau_RGB_EfficientNetB1_V01,EfficientNetB1 max5000 mIN2000 SIZE400  DR40-CC1024-CC1024-DR40,CNN25
129,2403,0.9510250569476082,0.8743455497382199,0.9110747408619748,955.0,Model_Img_Reseau_RGB_EfficientNetB1_V01,EfficientNetB1 max5000 mIN2000 SIZE400  DR40-CC1024-CC1024-DR40,CNN25
130,2462,0.452892561983471,0.9647887323943662,0.6164229471316086,284.0,Model_Img_Reseau_RGB_EfficientNetB1_V01,EfficientNetB1 max5000 mIN2000 SIZE400  DR40-CC1024-CC1024-DR40,CNN25
131,2522,0.9494204425711276,0.9028056112224448,0.9255264509501796,998.0,Model_Img_Reseau_RGB_EfficientNetB1_V01,EfficientNetB1 max5000 mIN2000 SIZE400  DR40-CC1024-CC1024-DR40,CNN25
132,2582,0.9139344262295082,0.861003861003861,0.8866799204771371,518.0,Model_Img_Reseau_RGB_EfficientNetB1_V01,EfficientNetB1 max5000 mIN2000 SIZE400  DR40-CC1024-CC1024-DR40,CNN25
133,2583,0.9845605700712587,0.829,0.9001085776330076,1000.0,Model_Img_Reseau_RGB_EfficientNetB1_V01,EfficientNetB1 max5000 mIN2000 SIZE400  DR40-CC1024-CC1024-DR40,CNN25
134,2585,0.9276595744680852,0.87374749498998,0.8998968008255934,499.0,Model_Img_Reseau_RGB_EfficientNetB1_V01,EfficientNetB1 max5000 mIN2000 SIZE400  DR40-CC1024-CC1024-DR40,CNN25
135,2705,0.9684601113172542,0.9456521739130436,0.9569202566452796,552.0,Model_Img_Reseau_RGB_EfficientNetB1_V01,EfficientNetB1 max5000 mIN2000 SIZE400  DR40-CC1024-CC1024-DR40,CNN25
136,2905,0.5240963855421686,1.0,0.6877470355731226,174.0,Model_Img_Reseau_RGB_EfficientNetB1_V01,EfficientNetB1 max5000 mIN2000 SIZE400  DR40-CC1024-CC1024-DR40,CNN25
137,accuracy,0.8687701223438506,0.8687701223438506,0.8687701223438506,0.8687701223438506,Model_Img_Reseau_RGB_EfficientNetB1_V01,EfficientNetB1 max5000 mIN2000 SIZE400  DR40-CC1024-CC1024-DR40,CNN25
138,10,0.6079365079365079,0.6147672552166934,0.6113328012769353,623.0,Model_Img_Reseau_RGB_EfficientNetB5_V01,EfficientNetB5 4000-2000 SIZE400 DEFREEZE  DR40-CC1024-CC1024-DR40,CNN26
139,40,0.7062937062937062,0.603585657370518,0.6509129967776585,502.0,Model_Img_Reseau_RGB_EfficientNetB5_V01,EfficientNetB5 4000-2000 SIZE400 DEFREEZE  DR40-CC1024-CC1024-DR40,CNN26
140,50,0.4934383202099737,0.5595238095238095,0.5244072524407253,336.0,Model_Img_Reseau_RGB_EfficientNetB5_V01,EfficientNetB5 4000-2000 SIZE400 DEFREEZE  DR40-CC1024-CC1024-DR40,CNN26
141,60,0.8104575163398693,0.7469879518072289,0.7774294670846394,166.0,Model_Img_Reseau_RGB_EfficientNetB5_V01,EfficientNetB5 4000-2000 SIZE400 DEFREEZE  DR40-CC1024-CC1024-DR40,CNN26
142,1140,0.6839080459770115,0.6685393258426966,0.6761363636363636,534.0,Model_Img_Reseau_RGB_EfficientNetB5_V01,EfficientNetB5 4000-2000 SIZE400 DEFREEZE  DR40-CC1024-CC1024-DR40,CNN26
143,1160,0.9229813664596274,0.9393173198482933,0.931077694235589,791.0,Model_Img_Reseau_RGB_EfficientNetB5_V01,EfficientNetB5 4000-2000 SIZE400 DEFREEZE  DR40-CC1024-CC1024-DR40,CNN26
144,1180,0.2929936305732484,0.6013071895424836,0.3940042826552462,153.0,Model_Img_Reseau_RGB_EfficientNetB5_V01,EfficientNetB5 4000-2000 SIZE400 DEFREEZE  DR40-CC1024-CC1024-DR40,CNN26
145,1280,0.5017964071856288,0.4301848049281314,0.4632393587617469,974.0,Model_Img_Reseau_RGB_EfficientNetB5_V01,EfficientNetB5 4000-2000 SIZE400 DEFREEZE  DR40-CC1024-CC1024-DR40,CNN26
146,1281,0.3384955752212389,0.3695652173913043,0.3533487297921478,414.0,Model_Img_Reseau_RGB_EfficientNetB5_V01,EfficientNetB5 4000-2000 SIZE400 DEFREEZE  DR40-CC1024-CC1024-DR40,CNN26
147,1300,0.7251624883936861,0.781,0.7520462205103515,1000.0,Model_Img_Reseau_RGB_EfficientNetB5_V01,EfficientNetB5 4000-2000 SIZE400 DEFREEZE  DR40-CC1024-CC1024-DR40,CNN26
148,1301,0.6902173913043478,0.7888198757763976,0.7362318840579709,161.0,Model_Img_Reseau_RGB_EfficientNetB5_V01,EfficientNetB5 4000-2000 SIZE400 DEFREEZE  DR40-CC1024-CC1024-DR40,CNN26
149,1302,0.6341463414634146,0.5742971887550201,0.6027397260273972,498.0,Model_Img_Reseau_RGB_EfficientNetB5_V01,EfficientNetB5 4000-2000 SIZE400 DEFREEZE  DR40-CC1024-CC1024-DR40,CNN26
150,1320,0.6289198606271778,0.5570987654320988,0.5908346972176759,648.0,Model_Img_Reseau_RGB_EfficientNetB5_V01,EfficientNetB5 4000-2000 SIZE400 DEFREEZE  DR40-CC1024-CC1024-DR40,CNN26
151,1560,0.6610526315789473,0.628,0.6441025641025642,1000.0,Model_Img_Reseau_RGB_EfficientNetB5_V01,EfficientNetB5 4000-2000 SIZE400 DEFREEZE  DR40-CC1024-CC1024-DR40,CNN26
152,1920,0.8169642857142857,0.8501742160278746,0.8332384746727376,861.0,Model_Img_Reseau_RGB_EfficientNetB5_V01,EfficientNetB5 4000-2000 SIZE400 DEFREEZE  DR40-CC1024-CC1024-DR40,CNN26
153,1940,0.6296296296296297,0.84472049689441,0.7214854111405836,161.0,Model_Img_Reseau_RGB_EfficientNetB5_V01,EfficientNetB5 4000-2000 SIZE400 DEFREEZE  DR40-CC1024-CC1024-DR40,CNN26
154,2060,0.5940390544707091,0.5785785785785785,0.5862068965517241,999.0,Model_Img_Reseau_RGB_EfficientNetB5_V01,EfficientNetB5 4000-2000 SIZE400 DEFREEZE  DR40-CC1024-CC1024-DR40,CNN26
155,2220,0.4935897435897436,0.4666666666666667,0.4797507788161994,165.0,Model_Img_Reseau_RGB_EfficientNetB5_V01,EfficientNetB5 4000-2000 SIZE400 DEFREEZE  DR40-CC1024-CC1024-DR40,CNN26
156,2280,0.7846790890269151,0.7962184873949579,0.7904066736183524,952.0,Model_Img_Reseau_RGB_EfficientNetB5_V01,EfficientNetB5 4000-2000 SIZE400 DEFREEZE  DR40-CC1024-CC1024-DR40,CNN26
157,2403,0.7221633085896076,0.7130890052356021,0.7175974710221287,955.0,Model_Img_Reseau_RGB_EfficientNetB5_V01,EfficientNetB5 4000-2000 SIZE400 DEFREEZE  DR40-CC1024-CC1024-DR40,CNN26
158,2462,0.5459770114942529,0.6690140845070423,0.6012658227848101,284.0,Model_Img_Reseau_RGB_EfficientNetB5_V01,EfficientNetB5 4000-2000 SIZE400 DEFREEZE  DR40-CC1024-CC1024-DR40,CNN26
159,2522,0.8296639629200464,0.717434869739479,0.76947877485223,998.0,Model_Img_Reseau_RGB_EfficientNetB5_V01,EfficientNetB5 4000-2000 SIZE400 DEFREEZE  DR40-CC1024-CC1024-DR40,CNN26
160,2582,0.519455252918288,0.5154440154440154,0.5174418604651163,518.0,Model_Img_Reseau_RGB_EfficientNetB5_V01,EfficientNetB5 4000-2000 SIZE400 DEFREEZE  DR40-CC1024-CC1024-DR40,CNN26
161,2583,0.8155818540433925,0.827,0.8212512413108242,1000.0,Model_Img_Reseau_RGB_EfficientNetB5_V01,EfficientNetB5 4000-2000 SIZE400 DEFREEZE  DR40-CC1024-CC1024-DR40,CNN26
162,2585,0.6053719008264463,0.5871743486973948,0.5961342828077314,499.0,Model_Img_Reseau_RGB_EfficientNetB5_V01,EfficientNetB5 4000-2000 SIZE400 DEFREEZE  DR40-CC1024-CC1024-DR40,CNN26
163,2705,0.8420138888888888,0.8786231884057971,0.8599290780141843,552.0,Model_Img_Reseau_RGB_EfficientNetB5_V01,EfficientNetB5 4000-2000 SIZE400 DEFREEZE  DR40-CC1024-CC1024-DR40,CNN26
164,2905,0.7452830188679245,0.9080459770114944,0.8186528497409327,174.0,Model_Img_Reseau_RGB_EfficientNetB5_V01,EfficientNetB5 4000-2000 SIZE400 DEFREEZE  DR40-CC1024-CC1024-DR40,CNN26
165,accuracy,0.6811785400175902,0.6811785400175902,0.6811785400175902,0.6811785400175902,Model_Img_Reseau_RGB_EfficientNetB5_V01,EfficientNetB5 4000-2000 SIZE400 DEFREEZE  DR40-CC1024-CC1024-DR40,CNN26
166,10,0.4964788732394366,0.4526484751203852,0.473551637279597,623.0,Model_Img_Reseau_RGB_VGG16_V01,VGG16 Adam 4000-2000 SIZE400 DeFreeze  DR50-CC1024-NORM-CC1024-40,CNN10
167,40,0.6367521367521367,0.5936254980079682,0.6144329896907217,502.0,Model_Img_Reseau_RGB_VGG16_V01,VGG16 Adam 4000-2000 SIZE400 DeFreeze  DR50-CC1024-NORM-CC1024-40,CNN10
168,50,0.4774193548387097,0.4404761904761904,0.4582043343653251,336.0,Model_Img_Reseau_RGB_VGG16_V01,VGG16 Adam 4000-2000 SIZE400 DeFreeze  DR50-CC1024-NORM-CC1024-40,CNN10
169,60,0.6961325966850829,0.7590361445783133,0.7262247838616714,166.0,Model_Img_Reseau_RGB_VGG16_V01,VGG16 Adam 4000-2000 SIZE400 DeFreeze  DR50-CC1024-NORM-CC1024-40,CNN10
170,1140,0.6165884194053208,0.7378277153558053,0.6717817561807332,534.0,Model_Img_Reseau_RGB_VGG16_V01,VGG16 Adam 4000-2000 SIZE400 DeFreeze  DR50-CC1024-NORM-CC1024-40,CNN10
171,1160,0.8856447688564477,0.9203539823008848,0.9026658400495972,791.0,Model_Img_Reseau_RGB_VGG16_V01,VGG16 Adam 4000-2000 SIZE400 DeFreeze  DR50-CC1024-NORM-CC1024-40,CNN10
172,1180,0.4662162162162162,0.4509803921568627,0.4584717607973422,153.0,Model_Img_Reseau_RGB_VGG16_V01,VGG16 Adam 4000-2000 SIZE400 DeFreeze  DR50-CC1024-NORM-CC1024-40,CNN10
173,1280,0.510989010989011,0.3819301848049281,0.4371327849588719,974.0,Model_Img_Reseau_RGB_VGG16_V01,VGG16 Adam 4000-2000 SIZE400 DeFreeze  DR50-CC1024-NORM-CC1024-40,CNN10
174,1281,0.3843537414965986,0.2729468599033816,0.3192090395480225,414.0,Model_Img_Reseau_RGB_VGG16_V01,VGG16 Adam 4000-2000 SIZE400 DeFreeze  DR50-CC1024-NORM-CC1024-40,CNN10
175,1300,0.6212238574748257,0.802,0.7001309471846355,1000.0,Model_Img_Reseau_RGB_VGG16_V01,VGG16 Adam 4000-2000 SIZE400 DeFreeze  DR50-CC1024-NORM-CC1024-40,CNN10
176,1301,0.5754189944134078,0.639751552795031,0.6058823529411764,161.0,Model_Img_Reseau_RGB_VGG16_V01,VGG16 Adam 4000-2000 SIZE400 DeFreeze  DR50-CC1024-NORM-CC1024-40,CNN10
177,1302,0.5069444444444444,0.4397590361445783,0.4709677419354838,498.0,Model_Img_Reseau_RGB_VGG16_V01,VGG16 Adam 4000-2000 SIZE400 DeFreeze  DR50-CC1024-NORM-CC1024-40,CNN10
178,1320,0.5337954939341422,0.4753086419753086,0.5028571428571429,648.0,Model_Img_Reseau_RGB_VGG16_V01,VGG16 Adam 4000-2000 SIZE400 DeFreeze  DR50-CC1024-NORM-CC1024-40,CNN10
179,1560,0.5871287128712871,0.593,0.590049751243781,1000.0,Model_Img_Reseau_RGB_VGG16_V01,VGG16 Adam 4000-2000 SIZE400 DeFreeze  DR50-CC1024-NORM-CC1024-40,CNN10
180,1920,0.7937649880095923,0.7688734030197445,0.7811209439528023,861.0,Model_Img_Reseau_RGB_VGG16_V01,VGG16 Adam 4000-2000 SIZE400 DeFreeze  DR50-CC1024-NORM-CC1024-40,CNN10
181,1940,0.5665236051502146,0.8198757763975155,0.6700507614213197,161.0,Model_Img_Reseau_RGB_VGG16_V01,VGG16 Adam 4000-2000 SIZE400 DeFreeze  DR50-CC1024-NORM-CC1024-40,CNN10
182,2060,0.5379609544468547,0.4964964964964965,0.5163977095262884,999.0,Model_Img_Reseau_RGB_VGG16_V01,VGG16 Adam 4000-2000 SIZE400 DeFreeze  DR50-CC1024-NORM-CC1024-40,CNN10
183,2220,0.4736842105263157,0.4909090909090909,0.4821428571428571,165.0,Model_Img_Reseau_RGB_VGG16_V01,VGG16 Adam 4000-2000 SIZE400 DeFreeze  DR50-CC1024-NORM-CC1024-40,CNN10
184,2280,0.7450424929178471,0.8287815126050421,0.7846842366981602,952.0,Model_Img_Reseau_RGB_VGG16_V01,VGG16 Adam 4000-2000 SIZE400 DeFreeze  DR50-CC1024-NORM-CC1024-40,CNN10
185,2403,0.6951631046119235,0.6471204188481675,0.6702819956616053,955.0,Model_Img_Reseau_RGB_VGG16_V01,VGG16 Adam 4000-2000 SIZE400 DeFreeze  DR50-CC1024-NORM-CC1024-40,CNN10
186,2462,0.5426829268292683,0.6267605633802817,0.5816993464052288,284.0,Model_Img_Reseau_RGB_VGG16_V01,VGG16 Adam 4000-2000 SIZE400 DeFreeze  DR50-CC1024-NORM-CC1024-40,CNN10
187,2522,0.6669741697416974,0.7244488977955912,0.6945244956772334,998.0,Model_Img_Reseau_RGB_VGG16_V01,VGG16 Adam 4000-2000 SIZE400 DeFreeze  DR50-CC1024-NORM-CC1024-40,CNN10
188,2582,0.5363128491620112,0.3706563706563706,0.4383561643835616,518.0,Model_Img_Reseau_RGB_VGG16_V01,VGG16 Adam 4000-2000 SIZE400 DeFreeze  DR50-CC1024-NORM-CC1024-40,CNN10
189,2583,0.7348017621145374,0.834,0.7812646370023419,1000.0,Model_Img_Reseau_RGB_VGG16_V01,VGG16 Adam 4000-2000 SIZE400 DeFreeze  DR50-CC1024-NORM-CC1024-40,CNN10
190,2585,0.4777777777777778,0.4308617234468938,0.4531085353003161,499.0,Model_Img_Reseau_RGB_VGG16_V01,VGG16 Adam 4000-2000 SIZE400 DeFreeze  DR50-CC1024-NORM-CC1024-40,CNN10
191,2705,0.566006600660066,0.6213768115942029,0.5924006908462867,552.0,Model_Img_Reseau_RGB_VGG16_V01,VGG16 Adam 4000-2000 SIZE400 DeFreeze  DR50-CC1024-NORM-CC1024-40,CNN10
192,2905,0.5544554455445545,0.6436781609195402,0.5957446808510638,174.0,Model_Img_Reseau_RGB_VGG16_V01,VGG16 Adam 4000-2000 SIZE400 DeFreeze  DR50-CC1024-NORM-CC1024-40,CNN10
193,accuracy,0.6238220882020354,0.6238220882020354,0.6238220882020354,0.6238220882020354,Model_Img_Reseau_RGB_VGG16_V01,VGG16 Adam 4000-2000 SIZE400 DeFreeze  DR50-CC1024-NORM-CC1024-40,CNN10
194,10,0.5192660550458715,0.4542536115569823,0.4845890410958904,623.0,Model_Img_Reseau_EfficientNetB1_V01,EfficientNetB1 Adam 4000-2000 SIZE400 DeFreeze DR50-CC1024-NORM-CC1024-DR40-BATCH16,CNN01
195,40,0.5956937799043063,0.4960159362549801,0.541304347826087,502.0,Model_Img_Reseau_EfficientNetB1_V01,EfficientNetB1 Adam 4000-2000 SIZE400 DeFreeze DR50-CC1024-NORM-CC1024-DR40-BATCH16,CNN01
196,50,0.4803625377643504,0.4732142857142857,0.4767616191904048,336.0,Model_Img_Reseau_EfficientNetB1_V01,EfficientNetB1 Adam 4000-2000 SIZE400 DeFreeze DR50-CC1024-NORM-CC1024-DR40-BATCH16,CNN01
197,60,0.6730769230769231,0.8433734939759037,0.7486631016042781,166.0,Model_Img_Reseau_EfficientNetB1_V01,EfficientNetB1 Adam 4000-2000 SIZE400 DeFreeze DR50-CC1024-NORM-CC1024-DR40-BATCH16,CNN01
198,1140,0.6137931034482759,0.6666666666666666,0.6391382405745063,534.0,Model_Img_Reseau_EfficientNetB1_V01,EfficientNetB1 Adam 4000-2000 SIZE400 DeFreeze DR50-CC1024-NORM-CC1024-DR40-BATCH16,CNN01
199,1160,0.9002433090024331,0.9355246523388115,0.917544947303162,791.0,Model_Img_Reseau_EfficientNetB1_V01,EfficientNetB1 Adam 4000-2000 SIZE400 DeFreeze DR50-CC1024-NORM-CC1024-DR40-BATCH16,CNN01
200,1180,0.4928571428571429,0.4509803921568627,0.4709897610921502,153.0,Model_Img_Reseau_EfficientNetB1_V01,EfficientNetB1 Adam 4000-2000 SIZE400 DeFreeze DR50-CC1024-NORM-CC1024-DR40-BATCH16,CNN01
201,1280,0.4970414201183432,0.4312114989733059,0.4617921935129192,974.0,Model_Img_Reseau_EfficientNetB1_V01,EfficientNetB1 Adam 4000-2000 SIZE400 DeFreeze DR50-CC1024-NORM-CC1024-DR40-BATCH16,CNN01
202,1281,0.4244372990353697,0.3188405797101449,0.3641379310344828,414.0,Model_Img_Reseau_EfficientNetB1_V01,EfficientNetB1 Adam 4000-2000 SIZE400 DeFreeze DR50-CC1024-NORM-CC1024-DR40-BATCH16,CNN01
203,1300,0.6498800959232613,0.8057482656095144,0.7194690265486726,1009.0,Model_Img_Reseau_EfficientNetB1_V01,EfficientNetB1 Adam 4000-2000 SIZE400 DeFreeze DR50-CC1024-NORM-CC1024-DR40-BATCH16,CNN01
204,1301,0.5980861244019139,0.7763975155279503,0.6756756756756757,161.0,Model_Img_Reseau_EfficientNetB1_V01,EfficientNetB1 Adam 4000-2000 SIZE400 DeFreeze DR50-CC1024-NORM-CC1024-DR40-BATCH16,CNN01
205,1302,0.5456570155902004,0.4919678714859438,0.5174234424498416,498.0,Model_Img_Reseau_EfficientNetB1_V01,EfficientNetB1 Adam 4000-2000 SIZE400 DeFreeze DR50-CC1024-NORM-CC1024-DR40-BATCH16,CNN01
206,1320,0.6201117318435754,0.5138888888888888,0.5620253164556962,648.0,Model_Img_Reseau_EfficientNetB1_V01,EfficientNetB1 Adam 4000-2000 SIZE400 DeFreeze DR50-CC1024-NORM-CC1024-DR40-BATCH16,CNN01
207,1560,0.6190954773869347,0.6068965517241379,0.6129353233830847,1015.0,Model_Img_Reseau_EfficientNetB1_V01,EfficientNetB1 Adam 4000-2000 SIZE400 DeFreeze DR50-CC1024-NORM-CC1024-DR40-BATCH16,CNN01
208,1920,0.822637106184364,0.818815331010453,0.820721769499418,861.0,Model_Img_Reseau_EfficientNetB1_V01,EfficientNetB1 Adam 4000-2000 SIZE400 DeFreeze DR50-CC1024-NORM-CC1024-DR40-BATCH16,CNN01
209,1940,0.6294416243654822,0.7701863354037267,0.6927374301675977,161.0,Model_Img_Reseau_EfficientNetB1_V01,EfficientNetB1 Adam 4000-2000 SIZE400 DeFreeze DR50-CC1024-NORM-CC1024-DR40-BATCH16,CNN01
210,2060,0.6009501187648456,0.5065065065065065,0.5497012493210212,999.0,Model_Img_Reseau_EfficientNetB1_V01,EfficientNetB1 Adam 4000-2000 SIZE400 DeFreeze DR50-CC1024-NORM-CC1024-DR40-BATCH16,CNN01
211,2220,0.6126760563380281,0.5272727272727272,0.5667752442996742,165.0,Model_Img_Reseau_EfficientNetB1_V01,EfficientNetB1 Adam 4000-2000 SIZE400 DeFreeze DR50-CC1024-NORM-CC1024-DR40-BATCH16,CNN01
212,2280,0.7207661290322581,0.7510504201680672,0.73559670781893,952.0,Model_Img_Reseau_EfficientNetB1_V01,EfficientNetB1 Adam 4000-2000 SIZE400 DeFreeze DR50-CC1024-NORM-CC1024-DR40-BATCH16,CNN01
213,2403,0.6656378600823045,0.6774869109947644,0.6715101193565127,955.0,Model_Img_Reseau_EfficientNetB1_V01,EfficientNetB1 Adam 4000-2000 SIZE400 DeFreeze DR50-CC1024-NORM-CC1024-DR40-BATCH16,CNN01
214,2462,0.5420054200542005,0.704225352112676,0.6125574272588055,284.0,Model_Img_Reseau_EfficientNetB1_V01,EfficientNetB1 Adam 4000-2000 SIZE400 DeFreeze DR50-CC1024-NORM-CC1024-DR40-BATCH16,CNN01
215,2522,0.6462882096069869,0.7414829659318637,0.6906206252916472,998.0,Model_Img_Reseau_EfficientNetB1_V01,EfficientNetB1 Adam 4000-2000 SIZE400 DeFreeze DR50-CC1024-NORM-CC1024-DR40-BATCH16,CNN01
216,2582,0.5201793721973094,0.4478764478764478,0.4813278008298755,518.0,Model_Img_Reseau_EfficientNetB1_V01,EfficientNetB1 Adam 4000-2000 SIZE400 DeFreeze DR50-CC1024-NORM-CC1024-DR40-BATCH16,CNN01
217,2583,0.8653748087710352,0.8310479921645446,0.8478641019235574,2042.0,Model_Img_Reseau_EfficientNetB1_V01,EfficientNetB1 Adam 4000-2000 SIZE400 DeFreeze DR50-CC1024-NORM-CC1024-DR40-BATCH16,CNN01
218,2585,0.5418410041841004,0.5190380761523046,0.5301944728761515,499.0,Model_Img_Reseau_EfficientNetB1_V01,EfficientNetB1 Adam 4000-2000 SIZE400 DeFreeze DR50-CC1024-NORM-CC1024-DR40-BATCH16,CNN01
219,2705,0.5382308845577212,0.6503623188405797,0.5890073831009024,552.0,Model_Img_Reseau_EfficientNetB1_V01,EfficientNetB1 Adam 4000-2000 SIZE400 DeFreeze DR50-CC1024-NORM-CC1024-DR40-BATCH16,CNN01
220,2905,0.4690909090909091,0.7413793103448276,0.5746102449888641,174.0,Model_Img_Reseau_EfficientNetB1_V01,EfficientNetB1 Adam 4000-2000 SIZE400 DeFreeze DR50-CC1024-NORM-CC1024-DR40-BATCH16,CNN01
221,accuracy,0.652378709373528,0.652378709373528,0.652378709373528,0.652378709373528,Model_Img_Reseau_EfficientNetB1_V01,EfficientNetB1 Adam 4000-2000 SIZE400 DeFreeze DR50-CC1024-NORM-CC1024-DR40-BATCH16,CNN01
222,10,0.5771428571428572,0.4863563402889245,0.5278745644599303,623.0,Model_Img_Reseau_RGB_EfficientNetB1_V02,EfficientNetB1 Adam 4000-2000 SIZE400 DeFreeze  POOL-DR40-CC1024-NORM-CC1024-DR40- BATCH16,CNN02
223,40,0.5585106382978723,0.4183266932270916,0.4783599088838269,502.0,Model_Img_Reseau_RGB_EfficientNetB1_V02,EfficientNetB1 Adam 4000-2000 SIZE400 DeFreeze  POOL-DR40-CC1024-NORM-CC1024-DR40- BATCH16,CNN02
224,50,0.4970238095238095,0.4970238095238095,0.4970238095238095,336.0,Model_Img_Reseau_RGB_EfficientNetB1_V02,EfficientNetB1 Adam 4000-2000 SIZE400 DeFreeze  POOL-DR40-CC1024-NORM-CC1024-DR40- BATCH16,CNN02
225,60,0.5958333333333333,0.8614457831325302,0.704433497536946,166.0,Model_Img_Reseau_RGB_EfficientNetB1_V02,EfficientNetB1 Adam 4000-2000 SIZE400 DeFreeze  POOL-DR40-CC1024-NORM-CC1024-DR40- BATCH16,CNN02
226,1140,0.6230636833046471,0.6779026217228464,0.6493273542600896,534.0,Model_Img_Reseau_RGB_EfficientNetB1_V02,EfficientNetB1 Adam 4000-2000 SIZE400 DeFreeze  POOL-DR40-CC1024-NORM-CC1024-DR40- BATCH16,CNN02
227,1160,0.8832731648616126,0.9279393173198482,0.905055487053021,791.0,Model_Img_Reseau_RGB_EfficientNetB1_V02,EfficientNetB1 Adam 4000-2000 SIZE400 DeFreeze  POOL-DR40-CC1024-NORM-CC1024-DR40- BATCH16,CNN02
228,1180,0.4719101123595505,0.5490196078431373,0.5075528700906343,153.0,Model_Img_Reseau_RGB_EfficientNetB1_V02,EfficientNetB1 Adam 4000-2000 SIZE400 DeFreeze  POOL-DR40-CC1024-NORM-CC1024-DR40- BATCH16,CNN02
229,1280,0.5435967302452316,0.4096509240246406,0.4672131147540984,974.0,Model_Img_Reseau_RGB_EfficientNetB1_V02,EfficientNetB1 Adam 4000-2000 SIZE400 DeFreeze  POOL-DR40-CC1024-NORM-CC1024-DR40- BATCH16,CNN02
230,1281,0.4306049822064057,0.2922705314009662,0.3482014388489209,414.0,Model_Img_Reseau_RGB_EfficientNetB1_V02,EfficientNetB1 Adam 4000-2000 SIZE400 DeFreeze  POOL-DR40-CC1024-NORM-CC1024-DR40- BATCH16,CNN02
231,1300,0.6696,0.8295341922695738,0.7410358565737052,1009.0,Model_Img_Reseau_RGB_EfficientNetB1_V02,EfficientNetB1 Adam 4000-2000 SIZE400 DeFreeze  POOL-DR40-CC1024-NORM-CC1024-DR40- BATCH16,CNN02
232,1301,0.5633802816901409,0.7453416149068323,0.6417112299465241,161.0,Model_Img_Reseau_RGB_EfficientNetB1_V02,EfficientNetB1 Adam 4000-2000 SIZE400 DeFreeze  POOL-DR40-CC1024-NORM-CC1024-DR40- BATCH16,CNN02
233,1302,0.5502183406113537,0.5060240963855421,0.5271966527196652,498.0,Model_Img_Reseau_RGB_EfficientNetB1_V02,EfficientNetB1 Adam 4000-2000 SIZE400 DeFreeze  POOL-DR40-CC1024-NORM-CC1024-DR40- BATCH16,CNN02
234,1320,0.5827586206896552,0.5216049382716049,0.5504885993485342,648.0,Model_Img_Reseau_RGB_EfficientNetB1_V02,EfficientNetB1 Adam 4000-2000 SIZE400 DeFreeze  POOL-DR40-CC1024-NORM-CC1024-DR40- BATCH16,CNN02
235,1560,0.6303901437371663,0.6049261083743842,0.6173956762192057,1015.0,Model_Img_Reseau_RGB_EfficientNetB1_V02,EfficientNetB1 Adam 4000-2000 SIZE400 DeFreeze  POOL-DR40-CC1024-NORM-CC1024-DR40- BATCH16,CNN02
236,1920,0.8072562358276644,0.826945412311266,0.816982214572576,861.0,Model_Img_Reseau_RGB_EfficientNetB1_V02,EfficientNetB1 Adam 4000-2000 SIZE400 DeFreeze  POOL-DR40-CC1024-NORM-CC1024-DR40- BATCH16,CNN02
237,1940,0.5040650406504065,0.7701863354037267,0.6093366093366094,161.0,Model_Img_Reseau_RGB_EfficientNetB1_V02,EfficientNetB1 Adam 4000-2000 SIZE400 DeFreeze  POOL-DR40-CC1024-NORM-CC1024-DR40- BATCH16,CNN02
238,2060,0.632183908045977,0.4954954954954955,0.5555555555555555,999.0,Model_Img_Reseau_RGB_EfficientNetB1_V02,EfficientNetB1 Adam 4000-2000 SIZE400 DeFreeze  POOL-DR40-CC1024-NORM-CC1024-DR40- BATCH16,CNN02
239,2220,0.478494623655914,0.5393939393939394,0.5071225071225071,165.0,Model_Img_Reseau_RGB_EfficientNetB1_V02,EfficientNetB1 Adam 4000-2000 SIZE400 DeFreeze  POOL-DR40-CC1024-NORM-CC1024-DR40- BATCH16,CNN02
240,2280,0.6654099905749293,0.7415966386554622,0.7014406358668653,952.0,Model_Img_Reseau_RGB_EfficientNetB1_V02,EfficientNetB1 Adam 4000-2000 SIZE400 DeFreeze  POOL-DR40-CC1024-NORM-CC1024-DR40- BATCH16,CNN02
241,2403,0.6989374262101535,0.6198952879581152,0.6570477247502775,955.0,Model_Img_Reseau_RGB_EfficientNetB1_V02,EfficientNetB1 Adam 4000-2000 SIZE400 DeFreeze  POOL-DR40-CC1024-NORM-CC1024-DR40- BATCH16,CNN02
242,2462,0.5075757575757576,0.7077464788732394,0.5911764705882353,284.0,Model_Img_Reseau_RGB_EfficientNetB1_V02,EfficientNetB1 Adam 4000-2000 SIZE400 DeFreeze  POOL-DR40-CC1024-NORM-CC1024-DR40- BATCH16,CNN02
243,2522,0.6771507863089732,0.7334669338677354,0.7041847041847041,998.0,Model_Img_Reseau_RGB_EfficientNetB1_V02,EfficientNetB1 Adam 4000-2000 SIZE400 DeFreeze  POOL-DR40-CC1024-NORM-CC1024-DR40- BATCH16,CNN02
244,2582,0.5729442970822282,0.416988416988417,0.4826815642458101,518.0,Model_Img_Reseau_RGB_EfficientNetB1_V02,EfficientNetB1 Adam 4000-2000 SIZE400 DeFreeze  POOL-DR40-CC1024-NORM-CC1024-DR40- BATCH16,CNN02
245,2583,0.841799709724238,0.8521057786483839,0.8469213920661961,2042.0,Model_Img_Reseau_RGB_EfficientNetB1_V02,EfficientNetB1 Adam 4000-2000 SIZE400 DeFreeze  POOL-DR40-CC1024-NORM-CC1024-DR40- BATCH16,CNN02
246,2585,0.5954545454545455,0.5250501002004008,0.5580404685835996,499.0,Model_Img_Reseau_RGB_EfficientNetB1_V02,EfficientNetB1 Adam 4000-2000 SIZE400 DeFreeze  POOL-DR40-CC1024-NORM-CC1024-DR40- BATCH16,CNN02
247,2705,0.5630810092961488,0.7681159420289855,0.649808429118774,552.0,Model_Img_Reseau_RGB_EfficientNetB1_V02,EfficientNetB1 Adam 4000-2000 SIZE400 DeFreeze  POOL-DR40-CC1024-NORM-CC1024-DR40- BATCH16,CNN02
248,2905,0.4058441558441558,0.7183908045977011,0.5186721991701245,174.0,Model_Img_Reseau_RGB_EfficientNetB1_V02,EfficientNetB1 Adam 4000-2000 SIZE400 DeFreeze  POOL-DR40-CC1024-NORM-CC1024-DR40- BATCH16,CNN02
249,accuracy,0.6536740461610928,0.6536740461610928,0.6536740461610928,0.6536740461610928,Model_Img_Reseau_RGB_EfficientNetB1_V02,EfficientNetB1 Adam 4000-2000 SIZE400 DeFreeze  POOL-DR40-CC1024-NORM-CC1024-DR40- BATCH16,CNN02
250,10,0.583180987202925,0.5120385232744783,0.5452991452991454,623.0,Model_Img_Reseau_InceptionV3_V03,InceptionV3 Adam 4000-2000 SIZE400 DeFreeze 43 DR40-CC1024-NORM-1024-DR40 - BATCH16,CNN22
251,40,0.6175,0.4920318725099601,0.5476718403547672,502.0,Model_Img_Reseau_InceptionV3_V03,InceptionV3 Adam 4000-2000 SIZE400 DeFreeze 43 DR40-CC1024-NORM-1024-DR40 - BATCH16,CNN22
252,50,0.5048231511254019,0.4672619047619047,0.4853168469860896,336.0,Model_Img_Reseau_InceptionV3_V03,InceptionV3 Adam 4000-2000 SIZE400 DeFreeze 43 DR40-CC1024-NORM-1024-DR40 - BATCH16,CNN22
253,60,0.6927083333333334,0.8012048192771084,0.7430167597765364,166.0,Model_Img_Reseau_InceptionV3_V03,InceptionV3 Adam 4000-2000 SIZE400 DeFreeze 43 DR40-CC1024-NORM-1024-DR40 - BATCH16,CNN22
254,1140,0.6123499142367067,0.6685393258426966,0.639212175470009,534.0,Model_Img_Reseau_InceptionV3_V03,InceptionV3 Adam 4000-2000 SIZE400 DeFreeze 43 DR40-CC1024-NORM-1024-DR40 - BATCH16,CNN22
255,1160,0.922882427307206,0.922882427307206,0.922882427307206,791.0,Model_Img_Reseau_InceptionV3_V03,InceptionV3 Adam 4000-2000 SIZE400 DeFreeze 43 DR40-CC1024-NORM-1024-DR40 - BATCH16,CNN22
256,1180,0.4539473684210526,0.4509803921568627,0.4524590163934426,153.0,Model_Img_Reseau_InceptionV3_V03,InceptionV3 Adam 4000-2000 SIZE400 DeFreeze 43 DR40-CC1024-NORM-1024-DR40 - BATCH16,CNN22
257,1280,0.4628099173553719,0.4024640657084189,0.4305326743547502,974.0,Model_Img_Reseau_InceptionV3_V03,InceptionV3 Adam 4000-2000 SIZE400 DeFreeze 43 DR40-CC1024-NORM-1024-DR40 - BATCH16,CNN22
258,1281,0.3373493975903614,0.2705314009661835,0.3002680965147453,414.0,Model_Img_Reseau_InceptionV3_V03,InceptionV3 Adam 4000-2000 SIZE400 DeFreeze 43 DR40-CC1024-NORM-1024-DR40 - BATCH16,CNN22
259,1300,0.6585563665855637,0.8047571853320119,0.7243532560214094,1009.0,Model_Img_Reseau_InceptionV3_V03,InceptionV3 Adam 4000-2000 SIZE400 DeFreeze 43 DR40-CC1024-NORM-1024-DR40 - BATCH16,CNN22
260,1301,0.6506024096385542,0.6708074534161491,0.6605504587155964,161.0,Model_Img_Reseau_InceptionV3_V03,InceptionV3 Adam 4000-2000 SIZE400 DeFreeze 43 DR40-CC1024-NORM-1024-DR40 - BATCH16,CNN22
261,1302,0.5505376344086022,0.5140562248995983,0.5316718587746625,498.0,Model_Img_Reseau_InceptionV3_V03,InceptionV3 Adam 4000-2000 SIZE400 DeFreeze 43 DR40-CC1024-NORM-1024-DR40 - BATCH16,CNN22
262,1320,0.5477815699658704,0.4953703703703703,0.5202593192868719,648.0,Model_Img_Reseau_InceptionV3_V03,InceptionV3 Adam 4000-2000 SIZE400 DeFreeze 43 DR40-CC1024-NORM-1024-DR40 - BATCH16,CNN22
263,1560,0.6262833675564682,0.6009852216748769,0.6133735545500252,1015.0,Model_Img_Reseau_InceptionV3_V03,InceptionV3 Adam 4000-2000 SIZE400 DeFreeze 43 DR40-CC1024-NORM-1024-DR40 - BATCH16,CNN22
264,1920,0.8160919540229885,0.8246225319396051,0.8203350664355863,861.0,Model_Img_Reseau_InceptionV3_V03,InceptionV3 Adam 4000-2000 SIZE400 DeFreeze 43 DR40-CC1024-NORM-1024-DR40 - BATCH16,CNN22
265,1940,0.6348314606741573,0.7018633540372671,0.6666666666666666,161.0,Model_Img_Reseau_InceptionV3_V03,InceptionV3 Adam 4000-2000 SIZE400 DeFreeze 43 DR40-CC1024-NORM-1024-DR40 - BATCH16,CNN22
266,2060,0.5754385964912281,0.4924924924924925,0.5307443365695793,999.0,Model_Img_Reseau_InceptionV3_V03,InceptionV3 Adam 4000-2000 SIZE400 DeFreeze 43 DR40-CC1024-NORM-1024-DR40 - BATCH16,CNN22
267,2220,0.5222929936305732,0.4969696969696969,0.5093167701863354,165.0,Model_Img_Reseau_InceptionV3_V03,InceptionV3 Adam 4000-2000 SIZE400 DeFreeze 43 DR40-CC1024-NORM-1024-DR40 - BATCH16,CNN22
268,2280,0.7132003798670465,0.7888655462184874,0.7491271820448878,952.0,Model_Img_Reseau_InceptionV3_V03,InceptionV3 Adam 4000-2000 SIZE400 DeFreeze 43 DR40-CC1024-NORM-1024-DR40 - BATCH16,CNN22
269,2403,0.697752808988764,0.650261780104712,0.673170731707317,955.0,Model_Img_Reseau_InceptionV3_V03,InceptionV3 Adam 4000-2000 SIZE400 DeFreeze 43 DR40-CC1024-NORM-1024-DR40 - BATCH16,CNN22
270,2462,0.5657492354740061,0.6514084507042254,0.6055646481178397,284.0,Model_Img_Reseau_InceptionV3_V03,InceptionV3 Adam 4000-2000 SIZE400 DeFreeze 43 DR40-CC1024-NORM-1024-DR40 - BATCH16,CNN22
271,2522,0.657117278424351,0.7354709418837675,0.6940898345153664,998.0,Model_Img_Reseau_InceptionV3_V03,InceptionV3 Adam 4000-2000 SIZE400 DeFreeze 43 DR40-CC1024-NORM-1024-DR40 - BATCH16,CNN22
272,2582,0.498960498960499,0.4633204633204633,0.4804804804804805,518.0,Model_Img_Reseau_InceptionV3_V03,InceptionV3 Adam 4000-2000 SIZE400 DeFreeze 43 DR40-CC1024-NORM-1024-DR40 - BATCH16,CNN22
273,2583,0.8508946322067594,0.8383937316356513,0.844597927972373,2042.0,Model_Img_Reseau_InceptionV3_V03,InceptionV3 Adam 4000-2000 SIZE400 DeFreeze 43 DR40-CC1024-NORM-1024-DR40 - BATCH16,CNN22
274,2585,0.513184584178499,0.5070140280561122,0.5100806451612903,499.0,Model_Img_Reseau_InceptionV3_V03,InceptionV3 Adam 4000-2000 SIZE400 DeFreeze 43 DR40-CC1024-NORM-1024-DR40 - BATCH16,CNN22
275,2705,0.6255639097744361,0.7536231884057971,0.6836483155299917,552.0,Model_Img_Reseau_InceptionV3_V03,InceptionV3 Adam 4000-2000 SIZE400 DeFreeze 43 DR40-CC1024-NORM-1024-DR40 - BATCH16,CNN22
276,2905,0.4755700325732899,0.8390804597701149,0.607068607068607,174.0,Model_Img_Reseau_InceptionV3_V03,InceptionV3 Adam 4000-2000 SIZE400 DeFreeze 43 DR40-CC1024-NORM-1024-DR40 - BATCH16,CNN22
277,accuracy,0.6522609514837494,0.6522609514837494,0.6522609514837494,0.6522609514837494,Model_Img_Reseau_InceptionV3_V03,InceptionV3 Adam 4000-2000 SIZE400 DeFreeze 43 DR40-CC1024-NORM-1024-DR40 - BATCH16,CNN22
278,10,0.6163021868787276,0.4975922953451043,0.5506216696269982,623.0,Model_Img_Reseau_InceptionV3_V04,InceptionV3 Adam 4000-2000 SIZE400 DeFreeze 43  DR40-CC1024-NORM-CC512-DR30 - BATCH16,CNN23
279,40,0.6568364611260054,0.4880478087649402,0.56,502.0,Model_Img_Reseau_InceptionV3_V04,InceptionV3 Adam 4000-2000 SIZE400 DeFreeze 43  DR40-CC1024-NORM-CC512-DR30 - BATCH16,CNN23
280,50,0.4952978056426332,0.4702380952380952,0.482442748091603,336.0,Model_Img_Reseau_InceptionV3_V04,InceptionV3 Adam 4000-2000 SIZE400 DeFreeze 43  DR40-CC1024-NORM-CC512-DR30 - BATCH16,CNN23
281,60,0.6748768472906403,0.8253012048192772,0.7425474254742548,166.0,Model_Img_Reseau_InceptionV3_V04,InceptionV3 Adam 4000-2000 SIZE400 DeFreeze 43  DR40-CC1024-NORM-CC512-DR30 - BATCH16,CNN23
282,1140,0.6322701688555347,0.6310861423220974,0.6316776007497656,534.0,Model_Img_Reseau_InceptionV3_V04,InceptionV3 Adam 4000-2000 SIZE400 DeFreeze 43  DR40-CC1024-NORM-CC512-DR30 - BATCH16,CNN23
283,1160,0.9117276166456494,0.914032869785082,0.9128787878787878,791.0,Model_Img_Reseau_InceptionV3_V04,InceptionV3 Adam 4000-2000 SIZE400 DeFreeze 43  DR40-CC1024-NORM-CC512-DR30 - BATCH16,CNN23
284,1180,0.430379746835443,0.4444444444444444,0.4372990353697749,153.0,Model_Img_Reseau_InceptionV3_V04,InceptionV3 Adam 4000-2000 SIZE400 DeFreeze 43  DR40-CC1024-NORM-CC512-DR30 - BATCH16,CNN23
285,1280,0.4789227166276346,0.419917864476386,0.4474835886214441,974.0,Model_Img_Reseau_InceptionV3_V04,InceptionV3 Adam 4000-2000 SIZE400 DeFreeze 43  DR40-CC1024-NORM-CC512-DR30 - BATCH16,CNN23
286,1281,0.3532763532763532,0.2995169082125604,0.3241830065359477,414.0,Model_Img_Reseau_InceptionV3_V04,InceptionV3 Adam 4000-2000 SIZE400 DeFreeze 43  DR40-CC1024-NORM-CC512-DR30 - BATCH16,CNN23
287,1300,0.6557645134914145,0.7948463825569871,0.7186379928315412,1009.0,Model_Img_Reseau_InceptionV3_V04,InceptionV3 Adam 4000-2000 SIZE400 DeFreeze 43  DR40-CC1024-NORM-CC512-DR30 - BATCH16,CNN23
288,1301,0.601063829787234,0.7018633540372671,0.6475644699140402,161.0,Model_Img_Reseau_InceptionV3_V04,InceptionV3 Adam 4000-2000 SIZE400 DeFreeze 43  DR40-CC1024-NORM-CC512-DR30 - BATCH16,CNN23
289,1302,0.5338983050847458,0.5060240963855421,0.5195876288659793,498.0,Model_Img_Reseau_InceptionV3_V04,InceptionV3 Adam 4000-2000 SIZE400 DeFreeze 43  DR40-CC1024-NORM-CC512-DR30 - BATCH16,CNN23
290,1320,0.5226537216828478,0.4984567901234568,0.5102685624012638,648.0,Model_Img_Reseau_InceptionV3_V04,InceptionV3 Adam 4000-2000 SIZE400 DeFreeze 43  DR40-CC1024-NORM-CC512-DR30 - BATCH16,CNN23
291,1560,0.6318565400843882,0.5901477832512315,0.6102903718797759,1015.0,Model_Img_Reseau_InceptionV3_V04,InceptionV3 Adam 4000-2000 SIZE400 DeFreeze 43  DR40-CC1024-NORM-CC512-DR30 - BATCH16,CNN23
292,1920,0.7943181818181818,0.8118466898954704,0.8029867892016083,861.0,Model_Img_Reseau_InceptionV3_V04,InceptionV3 Adam 4000-2000 SIZE400 DeFreeze 43  DR40-CC1024-NORM-CC512-DR30 - BATCH16,CNN23
293,1940,0.655367231638418,0.7204968944099379,0.6863905325443787,161.0,Model_Img_Reseau_InceptionV3_V04,InceptionV3 Adam 4000-2000 SIZE400 DeFreeze 43  DR40-CC1024-NORM-CC512-DR30 - BATCH16,CNN23
294,2060,0.5683962264150944,0.4824824824824825,0.5219274499187873,999.0,Model_Img_Reseau_InceptionV3_V04,InceptionV3 Adam 4000-2000 SIZE400 DeFreeze 43  DR40-CC1024-NORM-CC512-DR30 - BATCH16,CNN23
295,2220,0.4705882352941176,0.4848484848484848,0.4776119402985075,165.0,Model_Img_Reseau_InceptionV3_V04,InceptionV3 Adam 4000-2000 SIZE400 DeFreeze 43  DR40-CC1024-NORM-CC512-DR30 - BATCH16,CNN23
296,2280,0.700952380952381,0.773109243697479,0.7352647352647352,952.0,Model_Img_Reseau_InceptionV3_V04,InceptionV3 Adam 4000-2000 SIZE400 DeFreeze 43  DR40-CC1024-NORM-CC512-DR30 - BATCH16,CNN23
297,2403,0.6930803571428571,0.650261780104712,0.6709886547811993,955.0,Model_Img_Reseau_InceptionV3_V04,InceptionV3 Adam 4000-2000 SIZE400 DeFreeze 43  DR40-CC1024-NORM-CC512-DR30 - BATCH16,CNN23
298,2462,0.5606060606060606,0.6514084507042254,0.6026058631921823,284.0,Model_Img_Reseau_InceptionV3_V04,InceptionV3 Adam 4000-2000 SIZE400 DeFreeze 43  DR40-CC1024-NORM-CC512-DR30 - BATCH16,CNN23
299,2522,0.6575840145322435,0.7254509018036072,0.6898523106241067,998.0,Model_Img_Reseau_InceptionV3_V04,InceptionV3 Adam 4000-2000 SIZE400 DeFreeze 43  DR40-CC1024-NORM-CC512-DR30 - BATCH16,CNN23
300,2582,0.5022026431718062,0.4401544401544401,0.4691358024691358,518.0,Model_Img_Reseau_InceptionV3_V04,InceptionV3 Adam 4000-2000 SIZE400 DeFreeze 43  DR40-CC1024-NORM-CC512-DR30 - BATCH16,CNN23
301,2583,0.8523290386521308,0.8423114593535749,0.8472906403940886,2042.0,Model_Img_Reseau_InceptionV3_V04,InceptionV3 Adam 4000-2000 SIZE400 DeFreeze 43  DR40-CC1024-NORM-CC512-DR30 - BATCH16,CNN23
302,2585,0.5274949083503055,0.5190380761523046,0.5232323232323233,499.0,Model_Img_Reseau_InceptionV3_V04,InceptionV3 Adam 4000-2000 SIZE400 DeFreeze 43  DR40-CC1024-NORM-CC512-DR30 - BATCH16,CNN23
303,2705,0.5853994490358126,0.769927536231884,0.6651017214397497,552.0,Model_Img_Reseau_InceptionV3_V04,InceptionV3 Adam 4000-2000 SIZE400 DeFreeze 43  DR40-CC1024-NORM-CC512-DR30 - BATCH16,CNN23
304,2905,0.4657980456026058,0.8218390804597702,0.5945945945945945,174.0,Model_Img_Reseau_InceptionV3_V04,InceptionV3 Adam 4000-2000 SIZE400 DeFreeze 43  DR40-CC1024-NORM-CC512-DR30 - BATCH16,CNN23
305,accuracy,0.648728214790391,0.648728214790391,0.648728214790391,0.648728214790391,Model_Img_Reseau_InceptionV3_V04,InceptionV3 Adam 4000-2000 SIZE400 DeFreeze 43  DR40-CC1024-NORM-CC512-DR30 - BATCH16,CNN23
306,10,0.5786516853932584,0.4959871589085072,0.5341400172860846,623.0,Model_Img_Reseau_InceptionV3_V5,InceptionV3 Adam 4000-2000 SIZE400 DeFreeze 43  DR30-CC1024-NORM-512-256-DR30 - BATCH16,CNN24
307,40,0.6746031746031746,0.5079681274900398,0.5795454545454546,502.0,Model_Img_Reseau_InceptionV3_V5,InceptionV3 Adam 4000-2000 SIZE400 DeFreeze 43  DR30-CC1024-NORM-512-256-DR30 - BATCH16,CNN24
308,50,0.469208211143695,0.4761904761904761,0.4726735598227474,336.0,Model_Img_Reseau_InceptionV3_V5,InceptionV3 Adam 4000-2000 SIZE400 DeFreeze 43  DR30-CC1024-NORM-512-256-DR30 - BATCH16,CNN24
309,60,0.700507614213198,0.8313253012048193,0.7603305785123967,166.0,Model_Img_Reseau_InceptionV3_V5,InceptionV3 Adam 4000-2000 SIZE400 DeFreeze 43  DR30-CC1024-NORM-512-256-DR30 - BATCH16,CNN24
310,1140,0.6324626865671642,0.6348314606741573,0.633644859813084,534.0,Model_Img_Reseau_InceptionV3_V5,InceptionV3 Adam 4000-2000 SIZE400 DeFreeze 43  DR30-CC1024-NORM-512-256-DR30 - BATCH16,CNN24
311,1160,0.9085213032581454,0.9165613147914032,0.9125235997482696,791.0,Model_Img_Reseau_InceptionV3_V5,InceptionV3 Adam 4000-2000 SIZE400 DeFreeze 43  DR30-CC1024-NORM-512-256-DR30 - BATCH16,CNN24
312,1180,0.4078212290502793,0.477124183006536,0.4397590361445783,153.0,Model_Img_Reseau_InceptionV3_V5,InceptionV3 Adam 4000-2000 SIZE400 DeFreeze 43  DR30-CC1024-NORM-512-256-DR30 - BATCH16,CNN24
313,1280,0.4740566037735849,0.4127310061601643,0.4412733260153677,974.0,Model_Img_Reseau_InceptionV3_V5,InceptionV3 Adam 4000-2000 SIZE400 DeFreeze 43  DR30-CC1024-NORM-512-256-DR30 - BATCH16,CNN24
314,1281,0.3636363636363636,0.2995169082125604,0.328476821192053,414.0,Model_Img_Reseau_InceptionV3_V5,InceptionV3 Adam 4000-2000 SIZE400 DeFreeze 43  DR30-CC1024-NORM-512-256-DR30 - BATCH16,CNN24
315,1300,0.6775,0.8057482656095144,0.7360796740606609,1009.0,Model_Img_Reseau_InceptionV3_V5,InceptionV3 Adam 4000-2000 SIZE400 DeFreeze 43  DR30-CC1024-NORM-512-256-DR30 - BATCH16,CNN24
316,1301,0.5989304812834224,0.6956521739130435,0.6436781609195402,161.0,Model_Img_Reseau_InceptionV3_V5,InceptionV3 Adam 4000-2000 SIZE400 DeFreeze 43  DR30-CC1024-NORM-512-256-DR30 - BATCH16,CNN24
317,1302,0.5315126050420168,0.5080321285140562,0.5195071868583162,498.0,Model_Img_Reseau_InceptionV3_V5,InceptionV3 Adam 4000-2000 SIZE400 DeFreeze 43  DR30-CC1024-NORM-512-256-DR30 - BATCH16,CNN24
318,1320,0.5549915397631133,0.5061728395061729,0.5294592413236481,648.0,Model_Img_Reseau_InceptionV3_V5,InceptionV3 Adam 4000-2000 SIZE400 DeFreeze 43  DR30-CC1024-NORM-512-256-DR30 - BATCH16,CNN24
319,1560,0.6257796257796258,0.593103448275862,0.6090035407182599,1015.0,Model_Img_Reseau_InceptionV3_V5,InceptionV3 Adam 4000-2000 SIZE400 DeFreeze 43  DR30-CC1024-NORM-512-256-DR30 - BATCH16,CNN24
320,1920,0.8105625717566016,0.8199767711962834,0.815242494226328,861.0,Model_Img_Reseau_InceptionV3_V5,InceptionV3 Adam 4000-2000 SIZE400 DeFreeze 43  DR30-CC1024-NORM-512-256-DR30 - BATCH16,CNN24
321,1940,0.6647727272727273,0.7267080745341615,0.6943620178041543,161.0,Model_Img_Reseau_InceptionV3_V5,InceptionV3 Adam 4000-2000 SIZE400 DeFreeze 43  DR30-CC1024-NORM-512-256-DR30 - BATCH16,CNN24
322,2060,0.5862884160756501,0.4964964964964965,0.537669376693767,999.0,Model_Img_Reseau_InceptionV3_V5,InceptionV3 Adam 4000-2000 SIZE400 DeFreeze 43  DR30-CC1024-NORM-512-256-DR30 - BATCH16,CNN24
323,2220,0.4634146341463415,0.4606060606060606,0.4620060790273556,165.0,Model_Img_Reseau_InceptionV3_V5,InceptionV3 Adam 4000-2000 SIZE400 DeFreeze 43  DR30-CC1024-NORM-512-256-DR30 - BATCH16,CNN24
324,2280,0.7134502923976608,0.7689075630252101,0.7401415571284125,952.0,Model_Img_Reseau_InceptionV3_V5,InceptionV3 Adam 4000-2000 SIZE400 DeFreeze 43  DR30-CC1024-NORM-512-256-DR30 - BATCH16,CNN24
325,2403,0.6761800219538968,0.6450261780104712,0.6602357984994641,955.0,Model_Img_Reseau_InceptionV3_V5,InceptionV3 Adam 4000-2000 SIZE400 DeFreeze 43  DR30-CC1024-NORM-512-256-DR30 - BATCH16,CNN24
326,2462,0.5735735735735735,0.6725352112676056,0.6191247974068071,284.0,Model_Img_Reseau_InceptionV3_V5,InceptionV3 Adam 4000-2000 SIZE400 DeFreeze 43  DR30-CC1024-NORM-512-256-DR30 - BATCH16,CNN24
327,2522,0.6508928571428572,0.7304609218436874,0.6883852691218131,998.0,Model_Img_Reseau_InceptionV3_V5,InceptionV3 Adam 4000-2000 SIZE400 DeFreeze 43  DR30-CC1024-NORM-512-256-DR30 - BATCH16,CNN24
328,2582,0.4838709677419355,0.4343629343629344,0.4577822990844354,518.0,Model_Img_Reseau_InceptionV3_V5,InceptionV3 Adam 4000-2000 SIZE400 DeFreeze 43  DR30-CC1024-NORM-512-256-DR30 - BATCH16,CNN24
329,2583,0.8445106805762543,0.8325171400587659,0.8384710234278667,2042.0,Model_Img_Reseau_InceptionV3_V5,InceptionV3 Adam 4000-2000 SIZE400 DeFreeze 43  DR30-CC1024-NORM-512-256-DR30 - BATCH16,CNN24
330,2585,0.5257731958762887,0.5110220440881763,0.5182926829268293,499.0,Model_Img_Reseau_InceptionV3_V5,InceptionV3 Adam 4000-2000 SIZE400 DeFreeze 43  DR30-CC1024-NORM-512-256-DR30 - BATCH16,CNN24
331,2705,0.5836849507735584,0.7518115942028986,0.6571654790182107,552.0,Model_Img_Reseau_InceptionV3_V5,InceptionV3 Adam 4000-2000 SIZE400 DeFreeze 43  DR30-CC1024-NORM-512-256-DR30 - BATCH16,CNN24
332,2905,0.4847457627118644,0.8218390804597702,0.6098081023454157,174.0,Model_Img_Reseau_InceptionV3_V5,InceptionV3 Adam 4000-2000 SIZE400 DeFreeze 43  DR30-CC1024-NORM-512-256-DR30 - BATCH16,CNN24
333,accuracy,0.6496702779086199,0.6496702779086199,0.6496702779086199,0.6496702779086199,Model_Img_Reseau_InceptionV3_V5,InceptionV3 Adam 4000-2000 SIZE400 DeFreeze 43  DR30-CC1024-NORM-512-256-DR30 - BATCH16,CNN24
334,10,0.6214574898785425,0.492776886035313,0.5496866606982991,623.0,Model_Img_Reseau_InceptionV3_V01,InceptionV3 Adam 4000-2000 SIZE400 DeFreeze 43  DR40-CC1024-NORM-CC512-DR40- BATCH32,CNN20
335,40,0.6556962025316456,0.5159362549800797,0.5774804905239689,502.0,Model_Img_Reseau_InceptionV3_V01,InceptionV3 Adam 4000-2000 SIZE400 DeFreeze 43  DR40-CC1024-NORM-CC512-DR40- BATCH32,CNN20
336,50,0.4871794871794871,0.4523809523809524,0.4691358024691358,336.0,Model_Img_Reseau_InceptionV3_V01,InceptionV3 Adam 4000-2000 SIZE400 DeFreeze 43  DR40-CC1024-NORM-CC512-DR40- BATCH32,CNN20
337,60,0.6927083333333334,0.8012048192771084,0.7430167597765364,166.0,Model_Img_Reseau_InceptionV3_V01,InceptionV3 Adam 4000-2000 SIZE400 DeFreeze 43  DR40-CC1024-NORM-CC512-DR40- BATCH32,CNN20
338,1140,0.6378986866791745,0.6367041198501873,0.6373008434864105,534.0,Model_Img_Reseau_InceptionV3_V01,InceptionV3 Adam 4000-2000 SIZE400 DeFreeze 43  DR40-CC1024-NORM-CC512-DR40- BATCH32,CNN20
339,1160,0.9123252858958067,0.9077117572692794,0.9100126742712294,791.0,Model_Img_Reseau_InceptionV3_V01,InceptionV3 Adam 4000-2000 SIZE400 DeFreeze 43  DR40-CC1024-NORM-CC512-DR40- BATCH32,CNN20
340,1180,0.4545454545454545,0.4248366013071895,0.4391891891891892,153.0,Model_Img_Reseau_InceptionV3_V01,InceptionV3 Adam 4000-2000 SIZE400 DeFreeze 43  DR40-CC1024-NORM-CC512-DR40- BATCH32,CNN20
341,1280,0.4676503972758229,0.4229979466119096,0.4442048517520215,974.0,Model_Img_Reseau_InceptionV3_V01,InceptionV3 Adam 4000-2000 SIZE400 DeFreeze 43  DR40-CC1024-NORM-CC512-DR40- BATCH32,CNN20
342,1281,0.3237822349570201,0.2729468599033816,0.2961992136304063,414.0,Model_Img_Reseau_InceptionV3_V01,InceptionV3 Adam 4000-2000 SIZE400 DeFreeze 43  DR40-CC1024-NORM-CC512-DR40- BATCH32,CNN20
343,1300,0.6452380952380953,0.8057482656095144,0.7166152490083737,1009.0,Model_Img_Reseau_InceptionV3_V01,InceptionV3 Adam 4000-2000 SIZE400 DeFreeze 43  DR40-CC1024-NORM-CC512-DR40- BATCH32,CNN20
344,1301,0.6043956043956044,0.6832298136645962,0.641399416909621,161.0,Model_Img_Reseau_InceptionV3_V01,InceptionV3 Adam 4000-2000 SIZE400 DeFreeze 43  DR40-CC1024-NORM-CC512-DR40- BATCH32,CNN20
345,1302,0.5223880597014925,0.4919678714859438,0.5067218200620476,498.0,Model_Img_Reseau_InceptionV3_V01,InceptionV3 Adam 4000-2000 SIZE400 DeFreeze 43  DR40-CC1024-NORM-CC512-DR40- BATCH32,CNN20
346,1320,0.5452961672473867,0.4830246913580246,0.5122749590834696,648.0,Model_Img_Reseau_InceptionV3_V01,InceptionV3 Adam 4000-2000 SIZE400 DeFreeze 43  DR40-CC1024-NORM-CC512-DR40- BATCH32,CNN20
347,1560,0.6449893390191898,0.5960591133004927,0.6195596518177163,1015.0,Model_Img_Reseau_InceptionV3_V01,InceptionV3 Adam 4000-2000 SIZE400 DeFreeze 43  DR40-CC1024-NORM-CC512-DR40- BATCH32,CNN20
348,1920,0.8101694915254237,0.8327526132404182,0.8213058419243987,861.0,Model_Img_Reseau_InceptionV3_V01,InceptionV3 Adam 4000-2000 SIZE400 DeFreeze 43  DR40-CC1024-NORM-CC512-DR40- BATCH32,CNN20
349,1940,0.655367231638418,0.7204968944099379,0.6863905325443787,161.0,Model_Img_Reseau_InceptionV3_V01,InceptionV3 Adam 4000-2000 SIZE400 DeFreeze 43  DR40-CC1024-NORM-CC512-DR40- BATCH32,CNN20
350,2060,0.5692307692307692,0.4814814814814814,0.5216919739696312,999.0,Model_Img_Reseau_InceptionV3_V01,InceptionV3 Adam 4000-2000 SIZE400 DeFreeze 43  DR40-CC1024-NORM-CC512-DR40- BATCH32,CNN20
351,2220,0.5061728395061729,0.4969696969696969,0.5015290519877675,165.0,Model_Img_Reseau_InceptionV3_V01,InceptionV3 Adam 4000-2000 SIZE400 DeFreeze 43  DR40-CC1024-NORM-CC512-DR40- BATCH32,CNN20
352,2280,0.6819431714023831,0.7815126050420168,0.7283406754772394,952.0,Model_Img_Reseau_InceptionV3_V01,InceptionV3 Adam 4000-2000 SIZE400 DeFreeze 43  DR40-CC1024-NORM-CC512-DR40- BATCH32,CNN20
353,2403,0.673202614379085,0.6471204188481675,0.6599038974906567,955.0,Model_Img_Reseau_InceptionV3_V01,InceptionV3 Adam 4000-2000 SIZE400 DeFreeze 43  DR40-CC1024-NORM-CC512-DR40- BATCH32,CNN20
354,2462,0.5376044568245125,0.6795774647887324,0.6003110419906688,284.0,Model_Img_Reseau_InceptionV3_V01,InceptionV3 Adam 4000-2000 SIZE400 DeFreeze 43  DR40-CC1024-NORM-CC512-DR40- BATCH32,CNN20
355,2522,0.6669793621013134,0.7124248496993988,0.688953488372093,998.0,Model_Img_Reseau_InceptionV3_V01,InceptionV3 Adam 4000-2000 SIZE400 DeFreeze 43  DR40-CC1024-NORM-CC512-DR40- BATCH32,CNN20
356,2582,0.5131578947368421,0.4517374517374517,0.4804928131416838,518.0,Model_Img_Reseau_InceptionV3_V01,InceptionV3 Adam 4000-2000 SIZE400 DeFreeze 43  DR40-CC1024-NORM-CC512-DR40- BATCH32,CNN20
357,2583,0.8426799007444169,0.8315377081292851,0.8370717278777422,2042.0,Model_Img_Reseau_InceptionV3_V01,InceptionV3 Adam 4000-2000 SIZE400 DeFreeze 43  DR40-CC1024-NORM-CC512-DR40- BATCH32,CNN20
358,2585,0.5174537987679672,0.5050100200400801,0.511156186612576,499.0,Model_Img_Reseau_InceptionV3_V01,InceptionV3 Adam 4000-2000 SIZE400 DeFreeze 43  DR40-CC1024-NORM-CC512-DR40- BATCH32,CNN20
359,2705,0.6092436974789915,0.7880434782608695,0.6872037914691942,552.0,Model_Img_Reseau_InceptionV3_V01,InceptionV3 Adam 4000-2000 SIZE400 DeFreeze 43  DR40-CC1024-NORM-CC512-DR40- BATCH32,CNN20
360,2905,0.49,0.8448275862068966,0.620253164556962,174.0,Model_Img_Reseau_InceptionV3_V01,InceptionV3 Adam 4000-2000 SIZE400 DeFreeze 43  DR40-CC1024-NORM-CC512-DR40- BATCH32,CNN20
361,accuracy,0.6484338200659444,0.6484338200659444,0.6484338200659444,0.6484338200659444,Model_Img_Reseau_InceptionV3_V01,InceptionV3 Adam 4000-2000 SIZE400 DeFreeze 43  DR40-CC1024-NORM-CC512-DR40- BATCH32,CNN20
362,10,0.514480408858603,0.4847512038523274,0.4991735537190082,623.0,Model_Img_Reseau_InceptionV3_V02,InceptionV3 Adam 4000-2000 SIZE400  DeFreeze 43 DR30-CC1024-CC512-DR30 - BATCH16,CNN21
363,40,0.670299727520436,0.4900398406374502,0.566168009205984,502.0,Model_Img_Reseau_InceptionV3_V02,InceptionV3 Adam 4000-2000 SIZE400  DeFreeze 43 DR30-CC1024-CC512-DR30 - BATCH16,CNN21
364,50,0.4382716049382716,0.4226190476190476,0.4303030303030303,336.0,Model_Img_Reseau_InceptionV3_V02,InceptionV3 Adam 4000-2000 SIZE400  DeFreeze 43 DR30-CC1024-CC512-DR30 - BATCH16,CNN21
365,60,0.638095238095238,0.8072289156626506,0.7127659574468084,166.0,Model_Img_Reseau_InceptionV3_V02,InceptionV3 Adam 4000-2000 SIZE400  DeFreeze 43 DR30-CC1024-CC512-DR30 - BATCH16,CNN21
366,1140,0.6101083032490975,0.6329588014981273,0.6213235294117647,534.0,Model_Img_Reseau_InceptionV3_V02,InceptionV3 Adam 4000-2000 SIZE400  DeFreeze 43 DR30-CC1024-CC512-DR30 - BATCH16,CNN21
367,1160,0.9093198992443324,0.9127686472819216,0.9110410094637224,791.0,Model_Img_Reseau_InceptionV3_V02,InceptionV3 Adam 4000-2000 SIZE400  DeFreeze 43 DR30-CC1024-CC512-DR30 - BATCH16,CNN21
368,1180,0.3829787234042553,0.4705882352941176,0.4222873900293254,153.0,Model_Img_Reseau_InceptionV3_V02,InceptionV3 Adam 4000-2000 SIZE400  DeFreeze 43 DR30-CC1024-CC512-DR30 - BATCH16,CNN21
369,1280,0.4527649769585253,0.4034907597535934,0.4267100977198697,974.0,Model_Img_Reseau_InceptionV3_V02,InceptionV3 Adam 4000-2000 SIZE400  DeFreeze 43 DR30-CC1024-CC512-DR30 - BATCH16,CNN21
370,1281,0.3573667711598746,0.2753623188405797,0.311050477489768,414.0,Model_Img_Reseau_InceptionV3_V02,InceptionV3 Adam 4000-2000 SIZE400  DeFreeze 43 DR30-CC1024-CC512-DR30 - BATCH16,CNN21
371,1300,0.6655462184873949,0.7849355797819624,0.7203274215552524,1009.0,Model_Img_Reseau_InceptionV3_V02,InceptionV3 Adam 4000-2000 SIZE400  DeFreeze 43 DR30-CC1024-CC512-DR30 - BATCH16,CNN21
372,1301,0.5906735751295337,0.7080745341614907,0.6440677966101694,161.0,Model_Img_Reseau_InceptionV3_V02,InceptionV3 Adam 4000-2000 SIZE400  DeFreeze 43 DR30-CC1024-CC512-DR30 - BATCH16,CNN21
373,1302,0.4874476987447699,0.4678714859437751,0.4774590163934427,498.0,Model_Img_Reseau_InceptionV3_V02,InceptionV3 Adam 4000-2000 SIZE400  DeFreeze 43 DR30-CC1024-CC512-DR30 - BATCH16,CNN21
374,1320,0.5262237762237763,0.4645061728395062,0.4934426229508197,648.0,Model_Img_Reseau_InceptionV3_V02,InceptionV3 Adam 4000-2000 SIZE400  DeFreeze 43 DR30-CC1024-CC512-DR30 - BATCH16,CNN21
375,1560,0.6130705394190872,0.5822660098522168,0.5972713491662456,1015.0,Model_Img_Reseau_InceptionV3_V02,InceptionV3 Adam 4000-2000 SIZE400  DeFreeze 43 DR30-CC1024-CC512-DR30 - BATCH16,CNN21
376,1920,0.815242494226328,0.8199767711962834,0.817602779386219,861.0,Model_Img_Reseau_InceptionV3_V02,InceptionV3 Adam 4000-2000 SIZE400  DeFreeze 43 DR30-CC1024-CC512-DR30 - BATCH16,CNN21
377,1940,0.6358381502890174,0.6832298136645962,0.6586826347305389,161.0,Model_Img_Reseau_InceptionV3_V02,InceptionV3 Adam 4000-2000 SIZE400  DeFreeze 43 DR30-CC1024-CC512-DR30 - BATCH16,CNN21
378,2060,0.6012048192771084,0.4994994994994995,0.5456533624931657,999.0,Model_Img_Reseau_InceptionV3_V02,InceptionV3 Adam 4000-2000 SIZE400  DeFreeze 43 DR30-CC1024-CC512-DR30 - BATCH16,CNN21
379,2220,0.4285714285714285,0.5454545454545454,0.4799999999999999,165.0,Model_Img_Reseau_InceptionV3_V02,InceptionV3 Adam 4000-2000 SIZE400  DeFreeze 43 DR30-CC1024-CC512-DR30 - BATCH16,CNN21
380,2280,0.6928104575163399,0.7794117647058824,0.7335640138408304,952.0,Model_Img_Reseau_InceptionV3_V02,InceptionV3 Adam 4000-2000 SIZE400  DeFreeze 43 DR30-CC1024-CC512-DR30 - BATCH16,CNN21
381,2403,0.6913294797687861,0.6261780104712041,0.657142857142857,955.0,Model_Img_Reseau_InceptionV3_V02,InceptionV3 Adam 4000-2000 SIZE400  DeFreeze 43 DR30-CC1024-CC512-DR30 - BATCH16,CNN21
382,2462,0.5346260387811634,0.6795774647887324,0.5984496124031007,284.0,Model_Img_Reseau_InceptionV3_V02,InceptionV3 Adam 4000-2000 SIZE400  DeFreeze 43 DR30-CC1024-CC512-DR30 - BATCH16,CNN21
383,2522,0.6446428571428572,0.7234468937875751,0.6817752596789424,998.0,Model_Img_Reseau_InceptionV3_V02,InceptionV3 Adam 4000-2000 SIZE400  DeFreeze 43 DR30-CC1024-CC512-DR30 - BATCH16,CNN21
384,2582,0.5143487858719646,0.4498069498069498,0.4799176107106075,518.0,Model_Img_Reseau_InceptionV3_V02,InceptionV3 Adam 4000-2000 SIZE400  DeFreeze 43 DR30-CC1024-CC512-DR30 - BATCH16,CNN21
385,2583,0.8408751864743909,0.8281096963761019,0.834443622008389,2042.0,Model_Img_Reseau_InceptionV3_V02,InceptionV3 Adam 4000-2000 SIZE400  DeFreeze 43 DR30-CC1024-CC512-DR30 - BATCH16,CNN21
386,2585,0.5060240963855421,0.5050100200400801,0.5055165496489468,499.0,Model_Img_Reseau_InceptionV3_V02,InceptionV3 Adam 4000-2000 SIZE400  DeFreeze 43 DR30-CC1024-CC512-DR30 - BATCH16,CNN21
387,2705,0.5504885993485342,0.6123188405797102,0.5797598627787307,552.0,Model_Img_Reseau_InceptionV3_V02,InceptionV3 Adam 4000-2000 SIZE400  DeFreeze 43 DR30-CC1024-CC512-DR30 - BATCH16,CNN21
388,2905,0.4736842105263157,0.8275862068965517,0.602510460251046,174.0,Model_Img_Reseau_InceptionV3_V02,InceptionV3 Adam 4000-2000 SIZE400  DeFreeze 43 DR30-CC1024-CC512-DR30 - BATCH16,CNN21
389,accuracy,0.6365991521431936,0.6365991521431936,0.6365991521431936,0.6365991521431936,Model_Img_Reseau_InceptionV3_V02,InceptionV3 Adam 4000-2000 SIZE400  DeFreeze 43 DR30-CC1024-CC512-DR30 - BATCH16,CNN21
390,10,0.6756756756756757,0.4012841091492777,0.5035246727089627,623.0,Model_Img_Reseau_RGB_RESNET50_V01,RESNET50 Adam 4000-2000 SIZE400 DeFreeze 30 DR30-CC1024-NORM-CC512-DR30 BATCH 32,CNN30
391,40,0.6810344827586207,0.4721115537848606,0.5576470588235295,502.0,Model_Img_Reseau_RGB_RESNET50_V01,RESNET50 Adam 4000-2000 SIZE400 DeFreeze 30 DR30-CC1024-NORM-CC512-DR30 BATCH 32,CNN30
392,50,0.4788273615635179,0.4375,0.4572317262830482,336.0,Model_Img_Reseau_RGB_RESNET50_V01,RESNET50 Adam 4000-2000 SIZE400 DeFreeze 30 DR30-CC1024-NORM-CC512-DR30 BATCH 32,CNN30
393,60,0.6649746192893401,0.7891566265060241,0.721763085399449,166.0,Model_Img_Reseau_RGB_RESNET50_V01,RESNET50 Adam 4000-2000 SIZE400 DeFreeze 30 DR30-CC1024-NORM-CC512-DR30 BATCH 32,CNN30
394,1140,0.6118881118881119,0.6554307116104869,0.6329113924050633,534.0,Model_Img_Reseau_RGB_RESNET50_V01,RESNET50 Adam 4000-2000 SIZE400 DeFreeze 30 DR30-CC1024-NORM-CC512-DR30 BATCH 32,CNN30
395,1160,0.8842482100238663,0.9367888748419722,0.9097605893186004,791.0,Model_Img_Reseau_RGB_RESNET50_V01,RESNET50 Adam 4000-2000 SIZE400 DeFreeze 30 DR30-CC1024-NORM-CC512-DR30 BATCH 32,CNN30
396,1180,0.4285714285714285,0.4509803921568627,0.4394904458598725,153.0,Model_Img_Reseau_RGB_RESNET50_V01,RESNET50 Adam 4000-2000 SIZE400 DeFreeze 30 DR30-CC1024-NORM-CC512-DR30 BATCH 32,CNN30
397,1280,0.483275663206459,0.4301848049281314,0.4551873981531776,974.0,Model_Img_Reseau_RGB_RESNET50_V01,RESNET50 Adam 4000-2000 SIZE400 DeFreeze 30 DR30-CC1024-NORM-CC512-DR30 BATCH 32,CNN30
398,1281,0.3778501628664495,0.2801932367149758,0.3217753120665741,414.0,Model_Img_Reseau_RGB_RESNET50_V01,RESNET50 Adam 4000-2000 SIZE400 DeFreeze 30 DR30-CC1024-NORM-CC512-DR30 BATCH 32,CNN30
399,1300,0.6412037037037037,0.8235877106045589,0.7210412147505423,1009.0,Model_Img_Reseau_RGB_RESNET50_V01,RESNET50 Adam 4000-2000 SIZE400 DeFreeze 30 DR30-CC1024-NORM-CC512-DR30 BATCH 32,CNN30
400,1301,0.6058823529411764,0.639751552795031,0.6223564954682779,161.0,Model_Img_Reseau_RGB_RESNET50_V01,RESNET50 Adam 4000-2000 SIZE400 DeFreeze 30 DR30-CC1024-NORM-CC512-DR30 BATCH 32,CNN30
401,1302,0.4415841584158416,0.4477911646586345,0.4446660019940179,498.0,Model_Img_Reseau_RGB_RESNET50_V01,RESNET50 Adam 4000-2000 SIZE400 DeFreeze 30 DR30-CC1024-NORM-CC512-DR30 BATCH 32,CNN30
402,1320,0.5073409461663948,0.4799382716049383,0.493259318001586,648.0,Model_Img_Reseau_RGB_RESNET50_V01,RESNET50 Adam 4000-2000 SIZE400 DeFreeze 30 DR30-CC1024-NORM-CC512-DR30 BATCH 32,CNN30
403,1560,0.5759059745347699,0.5793103448275863,0.5776031434184676,1015.0,Model_Img_Reseau_RGB_RESNET50_V01,RESNET50 Adam 4000-2000 SIZE400 DeFreeze 30 DR30-CC1024-NORM-CC512-DR30 BATCH 32,CNN30
404,1920,0.8144578313253013,0.7851335656213705,0.7995269071555293,861.0,Model_Img_Reseau_RGB_RESNET50_V01,RESNET50 Adam 4000-2000 SIZE400 DeFreeze 30 DR30-CC1024-NORM-CC512-DR30 BATCH 32,CNN30
405,1940,0.5846153846153846,0.7080745341614907,0.6404494382022472,161.0,Model_Img_Reseau_RGB_RESNET50_V01,RESNET50 Adam 4000-2000 SIZE400 DeFreeze 30 DR30-CC1024-NORM-CC512-DR30 BATCH 32,CNN30
406,2060,0.5292207792207793,0.4894894894894895,0.5085803432137286,999.0,Model_Img_Reseau_RGB_RESNET50_V01,RESNET50 Adam 4000-2000 SIZE400 DeFreeze 30 DR30-CC1024-NORM-CC512-DR30 BATCH 32,CNN30
407,2220,0.4088397790055249,0.4484848484848485,0.4277456647398843,165.0,Model_Img_Reseau_RGB_RESNET50_V01,RESNET50 Adam 4000-2000 SIZE400 DeFreeze 30 DR30-CC1024-NORM-CC512-DR30 BATCH 32,CNN30
408,2280,0.736084452975048,0.805672268907563,0.7693079237713141,952.0,Model_Img_Reseau_RGB_RESNET50_V01,RESNET50 Adam 4000-2000 SIZE400 DeFreeze 30 DR30-CC1024-NORM-CC512-DR30 BATCH 32,CNN30
409,2403,0.6854054054054054,0.6638743455497382,0.674468085106383,955.0,Model_Img_Reseau_RGB_RESNET50_V01,RESNET50 Adam 4000-2000 SIZE400 DeFreeze 30 DR30-CC1024-NORM-CC512-DR30 BATCH 32,CNN30
410,2462,0.5561797752808989,0.6971830985915493,0.61875,284.0,Model_Img_Reseau_RGB_RESNET50_V01,RESNET50 Adam 4000-2000 SIZE400 DeFreeze 30 DR30-CC1024-NORM-CC512-DR30 BATCH 32,CNN30
411,2522,0.688,0.6893787575150301,0.6886886886886887,998.0,Model_Img_Reseau_RGB_RESNET50_V01,RESNET50 Adam 4000-2000 SIZE400 DeFreeze 30 DR30-CC1024-NORM-CC512-DR30 BATCH 32,CNN30
412,2582,0.4768518518518518,0.3976833976833976,0.4336842105263158,518.0,Model_Img_Reseau_RGB_RESNET50_V01,RESNET50 Adam 4000-2000 SIZE400 DeFreeze 30 DR30-CC1024-NORM-CC512-DR30 BATCH 32,CNN30
413,2583,0.8634271099744245,0.8266405484818805,0.8446334751063298,2042.0,Model_Img_Reseau_RGB_RESNET50_V01,RESNET50 Adam 4000-2000 SIZE400 DeFreeze 30 DR30-CC1024-NORM-CC512-DR30 BATCH 32,CNN30
414,2585,0.4946236559139785,0.4609218436873747,0.4771784232365145,499.0,Model_Img_Reseau_RGB_RESNET50_V01,RESNET50 Adam 4000-2000 SIZE400 DeFreeze 30 DR30-CC1024-NORM-CC512-DR30 BATCH 32,CNN30
415,2705,0.5794044665012407,0.8460144927536232,0.6877761413843888,552.0,Model_Img_Reseau_RGB_RESNET50_V01,RESNET50 Adam 4000-2000 SIZE400 DeFreeze 30 DR30-CC1024-NORM-CC512-DR30 BATCH 32,CNN30
416,2905,0.5016611295681063,0.867816091954023,0.6357894736842105,174.0,Model_Img_Reseau_RGB_RESNET50_V01,RESNET50 Adam 4000-2000 SIZE400 DeFreeze 30 DR30-CC1024-NORM-CC512-DR30 BATCH 32,CNN30
417,accuracy,0.6416627414036741,0.6416627414036741,0.6416627414036741,0.6416627414036741,Model_Img_Reseau_RGB_RESNET50_V01,RESNET50 Adam 4000-2000 SIZE400 DeFreeze 30 DR30-CC1024-NORM-CC512-DR30 BATCH 32,CNN30
418,10,0.5496688741721855,0.3996789727126806,0.4628252788104089,623.0,Model_Img_Reseau_RGB_RESNET50_V02,RESNET50 Adam 4000-2000 SIZE400 DeFreeze 30 DR40-CC1024-NORM-CC512-DR40 BATCH 32,CNN31
419,40,0.6556962025316456,0.5159362549800797,0.5774804905239689,502.0,Model_Img_Reseau_RGB_RESNET50_V02,RESNET50 Adam 4000-2000 SIZE400 DeFreeze 30 DR40-CC1024-NORM-CC512-DR40 BATCH 32,CNN31
420,50,0.4881656804733728,0.4910714285714285,0.4896142433234421,336.0,Model_Img_Reseau_RGB_RESNET50_V02,RESNET50 Adam 4000-2000 SIZE400 DeFreeze 30 DR40-CC1024-NORM-CC512-DR40 BATCH 32,CNN31
421,60,0.7344632768361582,0.7831325301204819,0.7580174927113702,166.0,Model_Img_Reseau_RGB_RESNET50_V02,RESNET50 Adam 4000-2000 SIZE400 DeFreeze 30 DR40-CC1024-NORM-CC512-DR40 BATCH 32,CNN31
422,1140,0.640625,0.6910112359550562,0.664864864864865,534.0,Model_Img_Reseau_RGB_RESNET50_V02,RESNET50 Adam 4000-2000 SIZE400 DeFreeze 30 DR40-CC1024-NORM-CC512-DR40 BATCH 32,CNN31
423,1160,0.89618138424821,0.9494310998735778,0.9220380601596072,791.0,Model_Img_Reseau_RGB_RESNET50_V02,RESNET50 Adam 4000-2000 SIZE400 DeFreeze 30 DR40-CC1024-NORM-CC512-DR40 BATCH 32,CNN31
424,1180,0.5877192982456141,0.4379084967320261,0.50187265917603,153.0,Model_Img_Reseau_RGB_RESNET50_V02,RESNET50 Adam 4000-2000 SIZE400 DeFreeze 30 DR40-CC1024-NORM-CC512-DR40 BATCH 32,CNN31
425,1280,0.4742606790799561,0.4445585215605749,0.4589295177530472,974.0,Model_Img_Reseau_RGB_RESNET50_V02,RESNET50 Adam 4000-2000 SIZE400 DeFreeze 30 DR40-CC1024-NORM-CC512-DR40 BATCH 32,CNN31
426,1281,0.4298507462686567,0.3478260869565217,0.3845126835781041,414.0,Model_Img_Reseau_RGB_RESNET50_V02,RESNET50 Adam 4000-2000 SIZE400 DeFreeze 30 DR40-CC1024-NORM-CC512-DR40 BATCH 32,CNN31
427,1300,0.6496572734196496,0.8453914767096135,0.7347114556416883,1009.0,Model_Img_Reseau_RGB_RESNET50_V02,RESNET50 Adam 4000-2000 SIZE400 DeFreeze 30 DR40-CC1024-NORM-CC512-DR40 BATCH 32,CNN31
428,1301,0.7555555555555555,0.6335403726708074,0.6891891891891891,161.0,Model_Img_Reseau_RGB_RESNET50_V02,RESNET50 Adam 4000-2000 SIZE400 DeFreeze 30 DR40-CC1024-NORM-CC512-DR40 BATCH 32,CNN31
429,1302,0.4714003944773176,0.4799196787148594,0.4756218905472636,498.0,Model_Img_Reseau_RGB_RESNET50_V02,RESNET50 Adam 4000-2000 SIZE400 DeFreeze 30 DR40-CC1024-NORM-CC512-DR40 BATCH 32,CNN31
430,1320,0.5433962264150943,0.4444444444444444,0.4889643463497453,648.0,Model_Img_Reseau_RGB_RESNET50_V02,RESNET50 Adam 4000-2000 SIZE400 DeFreeze 30 DR40-CC1024-NORM-CC512-DR40 BATCH 32,CNN31
431,1560,0.5473588342440802,0.5921182266009852,0.5688594415522954,1015.0,Model_Img_Reseau_RGB_RESNET50_V02,RESNET50 Adam 4000-2000 SIZE400 DeFreeze 30 DR40-CC1024-NORM-CC512-DR40 BATCH 32,CNN31
432,1920,0.8096330275229358,0.8199767711962834,0.8147720715522216,861.0,Model_Img_Reseau_RGB_RESNET50_V02,RESNET50 Adam 4000-2000 SIZE400 DeFreeze 30 DR40-CC1024-NORM-CC512-DR40 BATCH 32,CNN31
433,1940,0.7212121212121212,0.7391304347826086,0.7300613496932515,161.0,Model_Img_Reseau_RGB_RESNET50_V02,RESNET50 Adam 4000-2000 SIZE400 DeFreeze 30 DR40-CC1024-NORM-CC512-DR40 BATCH 32,CNN31
434,2060,0.5508919202518363,0.5255255255255256,0.5379098360655737,999.0,Model_Img_Reseau_RGB_RESNET50_V02,RESNET50 Adam 4000-2000 SIZE400 DeFreeze 30 DR40-CC1024-NORM-CC512-DR40 BATCH 32,CNN31
435,2220,0.5102040816326531,0.4545454545454545,0.4807692307692308,165.0,Model_Img_Reseau_RGB_RESNET50_V02,RESNET50 Adam 4000-2000 SIZE400 DeFreeze 30 DR40-CC1024-NORM-CC512-DR40 BATCH 32,CNN31
436,2280,0.7427466150870407,0.8067226890756303,0.7734138972809668,952.0,Model_Img_Reseau_RGB_RESNET50_V02,RESNET50 Adam 4000-2000 SIZE400 DeFreeze 30 DR40-CC1024-NORM-CC512-DR40 BATCH 32,CNN31
437,2403,0.6706706706706707,0.7015706806282722,0.6857727737973388,955.0,Model_Img_Reseau_RGB_RESNET50_V02,RESNET50 Adam 4000-2000 SIZE400 DeFreeze 30 DR40-CC1024-NORM-CC512-DR40 BATCH 32,CNN31
438,2462,0.6012269938650306,0.6901408450704225,0.642622950819672,284.0,Model_Img_Reseau_RGB_RESNET50_V02,RESNET50 Adam 4000-2000 SIZE400 DeFreeze 30 DR40-CC1024-NORM-CC512-DR40 BATCH 32,CNN31
439,2522,0.7081632653061225,0.6953907815631263,0.7017189079878666,998.0,Model_Img_Reseau_RGB_RESNET50_V02,RESNET50 Adam 4000-2000 SIZE400 DeFreeze 30 DR40-CC1024-NORM-CC512-DR40 BATCH 32,CNN31
440,2582,0.4656652360515021,0.4189189189189189,0.4410569105691057,518.0,Model_Img_Reseau_RGB_RESNET50_V02,RESNET50 Adam 4000-2000 SIZE400 DeFreeze 30 DR40-CC1024-NORM-CC512-DR40 BATCH 32,CNN31
441,2583,0.8677563150074294,0.8579823702252694,0.8628416646146269,2042.0,Model_Img_Reseau_RGB_RESNET50_V02,RESNET50 Adam 4000-2000 SIZE400 DeFreeze 30 DR40-CC1024-NORM-CC512-DR40 BATCH 32,CNN31
442,2585,0.5901639344262295,0.5050100200400801,0.5442764578833693,499.0,Model_Img_Reseau_RGB_RESNET50_V02,RESNET50 Adam 4000-2000 SIZE400 DeFreeze 30 DR40-CC1024-NORM-CC512-DR40 BATCH 32,CNN31
443,2705,0.56,0.6594202898550725,0.6056572379367721,552.0,Model_Img_Reseau_RGB_RESNET50_V02,RESNET50 Adam 4000-2000 SIZE400 DeFreeze 30 DR40-CC1024-NORM-CC512-DR40 BATCH 32,CNN31
444,2905,0.5580357142857143,0.7183908045977011,0.6281407035175879,174.0,Model_Img_Reseau_RGB_RESNET50_V02,RESNET50 Adam 4000-2000 SIZE400 DeFreeze 30 DR40-CC1024-NORM-CC512-DR40 BATCH 32,CNN31
445,accuracy,0.6543217145548752,0.6543217145548752,0.6543217145548752,0.6543217145548752,Model_Img_Reseau_RGB_RESNET50_V02,RESNET50 Adam 4000-2000 SIZE400 DeFreeze 30 DR40-CC1024-NORM-CC512-DR40 BATCH 32,CNN31
446,10,0.6303317535545023,0.4269662921348314,0.5090909090909091,623.0,Model_Img_Reseau_RGB_RESNET50_V03,RESNET50 Adam 4000-2000 SIZE400 DeFreeze 50 DR40-CC1024-NORM-CC512-DR30 BATCH 32,CNN32
447,40,0.6414634146341464,0.5239043824701195,0.5767543859649122,502.0,Model_Img_Reseau_RGB_RESNET50_V03,RESNET50 Adam 4000-2000 SIZE400 DeFreeze 50 DR40-CC1024-NORM-CC512-DR30 BATCH 32,CNN32
448,50,0.5655172413793104,0.4880952380952381,0.5239616613418531,336.0,Model_Img_Reseau_RGB_RESNET50_V03,RESNET50 Adam 4000-2000 SIZE400 DeFreeze 50 DR40-CC1024-NORM-CC512-DR30 BATCH 32,CNN32
449,60,0.7485714285714286,0.7891566265060241,0.7683284457478005,166.0,Model_Img_Reseau_RGB_RESNET50_V03,RESNET50 Adam 4000-2000 SIZE400 DeFreeze 50 DR40-CC1024-NORM-CC512-DR30 BATCH 32,CNN32
450,1140,0.6243478260869565,0.6722846441947565,0.6474301172227231,534.0,Model_Img_Reseau_RGB_RESNET50_V03,RESNET50 Adam 4000-2000 SIZE400 DeFreeze 50 DR40-CC1024-NORM-CC512-DR30 BATCH 32,CNN32
451,1160,0.9105392156862744,0.9393173198482933,0.924704418170504,791.0,Model_Img_Reseau_RGB_RESNET50_V03,RESNET50 Adam 4000-2000 SIZE400 DeFreeze 50 DR40-CC1024-NORM-CC512-DR30 BATCH 32,CNN32
452,1180,0.5643564356435643,0.3725490196078431,0.4488188976377952,153.0,Model_Img_Reseau_RGB_RESNET50_V03,RESNET50 Adam 4000-2000 SIZE400 DeFreeze 50 DR40-CC1024-NORM-CC512-DR30 BATCH 32,CNN32
453,1280,0.4295499021526419,0.4507186858316221,0.439879759519038,974.0,Model_Img_Reseau_RGB_RESNET50_V03,RESNET50 Adam 4000-2000 SIZE400 DeFreeze 50 DR40-CC1024-NORM-CC512-DR30 BATCH 32,CNN32
454,1281,0.3774104683195592,0.3309178743961353,0.3526383526383526,414.0,Model_Img_Reseau_RGB_RESNET50_V03,RESNET50 Adam 4000-2000 SIZE400 DeFreeze 50 DR40-CC1024-NORM-CC512-DR30 BATCH 32,CNN32
455,1300,0.6563737133808393,0.821605550049554,0.7297535211267606,1009.0,Model_Img_Reseau_RGB_RESNET50_V03,RESNET50 Adam 4000-2000 SIZE400 DeFreeze 50 DR40-CC1024-NORM-CC512-DR30 BATCH 32,CNN32
456,1301,0.7317073170731707,0.5590062111801242,0.6338028169014084,161.0,Model_Img_Reseau_RGB_RESNET50_V03,RESNET50 Adam 4000-2000 SIZE400 DeFreeze 50 DR40-CC1024-NORM-CC512-DR30 BATCH 32,CNN32
457,1302,0.4940898345153664,0.4196787148594377,0.4538545059717698,498.0,Model_Img_Reseau_RGB_RESNET50_V03,RESNET50 Adam 4000-2000 SIZE400 DeFreeze 50 DR40-CC1024-NORM-CC512-DR30 BATCH 32,CNN32
458,1320,0.5188834154351396,0.4876543209876543,0.5027844073190136,648.0,Model_Img_Reseau_RGB_RESNET50_V03,RESNET50 Adam 4000-2000 SIZE400 DeFreeze 50 DR40-CC1024-NORM-CC512-DR30 BATCH 32,CNN32
459,1560,0.5366695427092321,0.6128078817733991,0.5722171113155473,1015.0,Model_Img_Reseau_RGB_RESNET50_V03,RESNET50 Adam 4000-2000 SIZE400 DeFreeze 50 DR40-CC1024-NORM-CC512-DR30 BATCH 32,CNN32
460,1920,0.7980769230769231,0.7711962833914053,0.7844063792085055,861.0,Model_Img_Reseau_RGB_RESNET50_V03,RESNET50 Adam 4000-2000 SIZE400 DeFreeze 50 DR40-CC1024-NORM-CC512-DR30 BATCH 32,CNN32
461,1940,0.7615894039735099,0.7142857142857143,0.7371794871794871,161.0,Model_Img_Reseau_RGB_RESNET50_V03,RESNET50 Adam 4000-2000 SIZE400 DeFreeze 50 DR40-CC1024-NORM-CC512-DR30 BATCH 32,CNN32
462,2060,0.5280777537796977,0.4894894894894895,0.5080519480519481,999.0,Model_Img_Reseau_RGB_RESNET50_V03,RESNET50 Adam 4000-2000 SIZE400 DeFreeze 50 DR40-CC1024-NORM-CC512-DR30 BATCH 32,CNN32
463,2220,0.5967741935483871,0.4484848484848485,0.5121107266435986,165.0,Model_Img_Reseau_RGB_RESNET50_V03,RESNET50 Adam 4000-2000 SIZE400 DeFreeze 50 DR40-CC1024-NORM-CC512-DR30 BATCH 32,CNN32
464,2280,0.7462082912032356,0.7752100840336135,0.7604327666151468,952.0,Model_Img_Reseau_RGB_RESNET50_V03,RESNET50 Adam 4000-2000 SIZE400 DeFreeze 50 DR40-CC1024-NORM-CC512-DR30 BATCH 32,CNN32
465,2403,0.6175925925925926,0.6984293193717277,0.6555282555282556,955.0,Model_Img_Reseau_RGB_RESNET50_V03,RESNET50 Adam 4000-2000 SIZE400 DeFreeze 50 DR40-CC1024-NORM-CC512-DR30 BATCH 32,CNN32
466,2462,0.6266666666666667,0.6619718309859155,0.6438356164383562,284.0,Model_Img_Reseau_RGB_RESNET50_V03,RESNET50 Adam 4000-2000 SIZE400 DeFreeze 50 DR40-CC1024-NORM-CC512-DR30 BATCH 32,CNN32
467,2522,0.672962226640159,0.6783567134268537,0.6756487025948104,998.0,Model_Img_Reseau_RGB_RESNET50_V03,RESNET50 Adam 4000-2000 SIZE400 DeFreeze 50 DR40-CC1024-NORM-CC512-DR30 BATCH 32,CNN32
468,2582,0.44234404536862,0.4517374517374517,0.4469914040114613,518.0,Model_Img_Reseau_RGB_RESNET50_V03,RESNET50 Adam 4000-2000 SIZE400 DeFreeze 50 DR40-CC1024-NORM-CC512-DR30 BATCH 32,CNN32
469,2583,0.8819301848049281,0.8413320274240941,0.8611528822055138,2042.0,Model_Img_Reseau_RGB_RESNET50_V03,RESNET50 Adam 4000-2000 SIZE400 DeFreeze 50 DR40-CC1024-NORM-CC512-DR30 BATCH 32,CNN32
470,2585,0.5296703296703297,0.4829659318637274,0.5052410901467506,499.0,Model_Img_Reseau_RGB_RESNET50_V03,RESNET50 Adam 4000-2000 SIZE400 DeFreeze 50 DR40-CC1024-NORM-CC512-DR30 BATCH 32,CNN32
471,2705,0.612094395280236,0.7518115942028986,0.6747967479674798,552.0,Model_Img_Reseau_RGB_RESNET50_V03,RESNET50 Adam 4000-2000 SIZE400 DeFreeze 50 DR40-CC1024-NORM-CC512-DR30 BATCH 32,CNN32
472,2905,0.641860465116279,0.7931034482758621,0.7095115681233933,174.0,Model_Img_Reseau_RGB_RESNET50_V03,RESNET50 Adam 4000-2000 SIZE400 DeFreeze 50 DR40-CC1024-NORM-CC512-DR30 BATCH 32,CNN32
473,accuracy,0.6466674517192652,0.6466674517192652,0.6466674517192652,0.6466674517192652,Model_Img_Reseau_RGB_RESNET50_V03,RESNET50 Adam 4000-2000 SIZE400 DeFreeze 50 DR40-CC1024-NORM-CC512-DR30 BATCH 32,CNN32
474,10,0.4921630094043887,0.5040128410914928,0.4980174464710547,623.0,Model_Img_Reseau_RGB_VGG16_V02,VGG16 Adam 5000-2000 SIZE400 DeFreeze 4 -  DR40-CC1024-DR40-CC1024 - BATCH32,CNN11
475,40,0.6530612244897959,0.5099601593625498,0.5727069351230425,502.0,Model_Img_Reseau_RGB_VGG16_V02,VGG16 Adam 5000-2000 SIZE400 DeFreeze 4 -  DR40-CC1024-DR40-CC1024 - BATCH32,CNN11
476,50,0.3958333333333333,0.3958333333333333,0.3958333333333333,336.0,Model_Img_Reseau_RGB_VGG16_V02,VGG16 Adam 5000-2000 SIZE400 DeFreeze 4 -  DR40-CC1024-DR40-CC1024 - BATCH32,CNN11
477,60,0.6683673469387755,0.7891566265060241,0.7237569060773481,166.0,Model_Img_Reseau_RGB_VGG16_V02,VGG16 Adam 5000-2000 SIZE400 DeFreeze 4 -  DR40-CC1024-DR40-CC1024 - BATCH32,CNN11
478,1140,0.5544388609715243,0.6198501872659176,0.5853227232537577,534.0,Model_Img_Reseau_RGB_VGG16_V02,VGG16 Adam 5000-2000 SIZE400 DeFreeze 4 -  DR40-CC1024-DR40-CC1024 - BATCH32,CNN11
479,1160,0.884004884004884,0.9152970922882429,0.8993788819875776,791.0,Model_Img_Reseau_RGB_VGG16_V02,VGG16 Adam 5000-2000 SIZE400 DeFreeze 4 -  DR40-CC1024-DR40-CC1024 - BATCH32,CNN11
480,1180,0.553030303030303,0.477124183006536,0.5122807017543859,153.0,Model_Img_Reseau_RGB_VGG16_V02,VGG16 Adam 5000-2000 SIZE400 DeFreeze 4 -  DR40-CC1024-DR40-CC1024 - BATCH32,CNN11
481,1280,0.4448315911730546,0.3932238193018481,0.4174386920980926,974.0,Model_Img_Reseau_RGB_VGG16_V02,VGG16 Adam 5000-2000 SIZE400 DeFreeze 4 -  DR40-CC1024-DR40-CC1024 - BATCH32,CNN11
482,1281,0.3938461538461538,0.3091787439613526,0.3464140730717185,414.0,Model_Img_Reseau_RGB_VGG16_V02,VGG16 Adam 5000-2000 SIZE400 DeFreeze 4 -  DR40-CC1024-DR40-CC1024 - BATCH32,CNN11
483,1300,0.627196333078686,0.8136769078295342,0.7083692838654012,1009.0,Model_Img_Reseau_RGB_VGG16_V02,VGG16 Adam 5000-2000 SIZE400 DeFreeze 4 -  DR40-CC1024-DR40-CC1024 - BATCH32,CNN11
484,1301,0.5549738219895288,0.6583850931677019,0.6022727272727273,161.0,Model_Img_Reseau_RGB_VGG16_V02,VGG16 Adam 5000-2000 SIZE400 DeFreeze 4 -  DR40-CC1024-DR40-CC1024 - BATCH32,CNN11
485,1302,0.454337899543379,0.3995983935742971,0.4252136752136752,498.0,Model_Img_Reseau_RGB_VGG16_V02,VGG16 Adam 5000-2000 SIZE400 DeFreeze 4 -  DR40-CC1024-DR40-CC1024 - BATCH32,CNN11
486,1320,0.5,0.4243827160493827,0.4590984974958264,648.0,Model_Img_Reseau_RGB_VGG16_V02,VGG16 Adam 5000-2000 SIZE400 DeFreeze 4 -  DR40-CC1024-DR40-CC1024 - BATCH32,CNN11
487,1560,0.5511197663096398,0.5576354679802956,0.55435847208619,1015.0,Model_Img_Reseau_RGB_VGG16_V02,VGG16 Adam 5000-2000 SIZE400 DeFreeze 4 -  DR40-CC1024-DR40-CC1024 - BATCH32,CNN11
488,1920,0.7818396226415094,0.7700348432055749,0.7758923346986542,861.0,Model_Img_Reseau_RGB_VGG16_V02,VGG16 Adam 5000-2000 SIZE400 DeFreeze 4 -  DR40-CC1024-DR40-CC1024 - BATCH32,CNN11
489,1940,0.6051282051282051,0.7329192546583851,0.6629213483146068,161.0,Model_Img_Reseau_RGB_VGG16_V02,VGG16 Adam 5000-2000 SIZE400 DeFreeze 4 -  DR40-CC1024-DR40-CC1024 - BATCH32,CNN11
490,2060,0.5255813953488372,0.4524524524524524,0.4862829478214093,999.0,Model_Img_Reseau_RGB_VGG16_V02,VGG16 Adam 5000-2000 SIZE400 DeFreeze 4 -  DR40-CC1024-DR40-CC1024 - BATCH32,CNN11
491,2220,0.4,0.4,0.4000000000000001,165.0,Model_Img_Reseau_RGB_VGG16_V02,VGG16 Adam 5000-2000 SIZE400 DeFreeze 4 -  DR40-CC1024-DR40-CC1024 - BATCH32,CNN11
492,2280,0.723342939481268,0.7909663865546218,0.755644756648269,952.0,Model_Img_Reseau_RGB_VGG16_V02,VGG16 Adam 5000-2000 SIZE400 DeFreeze 4 -  DR40-CC1024-DR40-CC1024 - BATCH32,CNN11
493,2403,0.6988505747126437,0.6366492146596858,0.6663013698630137,955.0,Model_Img_Reseau_RGB_VGG16_V02,VGG16 Adam 5000-2000 SIZE400 DeFreeze 4 -  DR40-CC1024-DR40-CC1024 - BATCH32,CNN11
494,2462,0.526595744680851,0.6971830985915493,0.6000000000000001,284.0,Model_Img_Reseau_RGB_VGG16_V02,VGG16 Adam 5000-2000 SIZE400 DeFreeze 4 -  DR40-CC1024-DR40-CC1024 - BATCH32,CNN11
495,2522,0.6185383244206774,0.6953907815631263,0.6547169811320754,998.0,Model_Img_Reseau_RGB_VGG16_V02,VGG16 Adam 5000-2000 SIZE400 DeFreeze 4 -  DR40-CC1024-DR40-CC1024 - BATCH32,CNN11
496,2582,0.5346260387811634,0.3725868725868725,0.4391353811149033,518.0,Model_Img_Reseau_RGB_VGG16_V02,VGG16 Adam 5000-2000 SIZE400 DeFreeze 4 -  DR40-CC1024-DR40-CC1024 - BATCH32,CNN11
497,2583,0.8088304368248004,0.8432908912830558,0.8257012706784943,2042.0,Model_Img_Reseau_RGB_VGG16_V02,VGG16 Adam 5000-2000 SIZE400 DeFreeze 4 -  DR40-CC1024-DR40-CC1024 - BATCH32,CNN11
498,2585,0.5083932853717026,0.4248496993987976,0.4628820960698689,499.0,Model_Img_Reseau_RGB_VGG16_V02,VGG16 Adam 5000-2000 SIZE400 DeFreeze 4 -  DR40-CC1024-DR40-CC1024 - BATCH32,CNN11
499,2705,0.5654450261780105,0.5869565217391305,0.5760000000000001,552.0,Model_Img_Reseau_RGB_VGG16_V02,VGG16 Adam 5000-2000 SIZE400 DeFreeze 4 -  DR40-CC1024-DR40-CC1024 - BATCH32,CNN11
500,2905,0.5185185185185185,0.6436781609195402,0.5743589743589743,174.0,Model_Img_Reseau_RGB_VGG16_V02,VGG16 Adam 5000-2000 SIZE400 DeFreeze 4 -  DR40-CC1024-DR40-CC1024 - BATCH32,CNN11
501,accuracy,0.6214672633066416,0.6214672633066416,0.6214672633066416,0.6214672633066416,Model_Img_Reseau_RGB_VGG16_V02,VGG16 Adam 5000-2000 SIZE400 DeFreeze 4 -  DR40-CC1024-DR40-CC1024 - BATCH32,CNN11
502,10,0.4375,0.4719101123595505,0.454054054054054,623.0,Model_Img_Reseau_RGB_VGG16_V03,VGG16 Adam 5000-2000 SIZE400 DeFreeze 4 -  DR40-CC1024-NORM-CC512-DR40 - BATCH32,CNN12
503,40,0.5768421052631579,0.545816733067729,0.5609007164790174,502.0,Model_Img_Reseau_RGB_VGG16_V03,VGG16 Adam 5000-2000 SIZE400 DeFreeze 4 -  DR40-CC1024-NORM-CC512-DR40 - BATCH32,CNN12
504,50,0.4112426035502958,0.4136904761904761,0.4124629080118694,336.0,Model_Img_Reseau_RGB_VGG16_V03,VGG16 Adam 5000-2000 SIZE400 DeFreeze 4 -  DR40-CC1024-NORM-CC512-DR40 - BATCH32,CNN12
505,60,0.757396449704142,0.7710843373493976,0.764179104477612,166.0,Model_Img_Reseau_RGB_VGG16_V03,VGG16 Adam 5000-2000 SIZE400 DeFreeze 4 -  DR40-CC1024-NORM-CC512-DR40 - BATCH32,CNN12
506,1140,0.5743119266055046,0.5861423220973783,0.5801668211306765,534.0,Model_Img_Reseau_RGB_VGG16_V03,VGG16 Adam 5000-2000 SIZE400 DeFreeze 4 -  DR40-CC1024-NORM-CC512-DR40 - BATCH32,CNN12
507,1160,0.8922518159806295,0.93173198482933,0.91156462585034,791.0,Model_Img_Reseau_RGB_VGG16_V03,VGG16 Adam 5000-2000 SIZE400 DeFreeze 4 -  DR40-CC1024-NORM-CC512-DR40 - BATCH32,CNN12
508,1180,0.5175438596491229,0.3856209150326797,0.4419475655430712,153.0,Model_Img_Reseau_RGB_VGG16_V03,VGG16 Adam 5000-2000 SIZE400 DeFreeze 4 -  DR40-CC1024-NORM-CC512-DR40 - BATCH32,CNN12
509,1280,0.4018499486125385,0.4014373716632443,0.401643554185927,974.0,Model_Img_Reseau_RGB_VGG16_V03,VGG16 Adam 5000-2000 SIZE400 DeFreeze 4 -  DR40-CC1024-NORM-CC512-DR40 - BATCH32,CNN12
510,1281,0.358695652173913,0.3188405797101449,0.3375959079283887,414.0,Model_Img_Reseau_RGB_VGG16_V03,VGG16 Adam 5000-2000 SIZE400 DeFreeze 4 -  DR40-CC1024-NORM-CC512-DR40 - BATCH32,CNN12
511,1300,0.6411483253588517,0.796828543111992,0.7105612019443217,1009.0,Model_Img_Reseau_RGB_VGG16_V03,VGG16 Adam 5000-2000 SIZE400 DeFreeze 4 -  DR40-CC1024-NORM-CC512-DR40 - BATCH32,CNN12
512,1301,0.6363636363636364,0.5217391304347826,0.5733788395904437,161.0,Model_Img_Reseau_RGB_VGG16_V03,VGG16 Adam 5000-2000 SIZE400 DeFreeze 4 -  DR40-CC1024-NORM-CC512-DR40 - BATCH32,CNN12
513,1302,0.3943089430894309,0.3895582329317269,0.3919191919191919,498.0,Model_Img_Reseau_RGB_VGG16_V03,VGG16 Adam 5000-2000 SIZE400 DeFreeze 4 -  DR40-CC1024-NORM-CC512-DR40 - BATCH32,CNN12
514,1320,0.4766666666666667,0.441358024691358,0.4583333333333333,648.0,Model_Img_Reseau_RGB_VGG16_V03,VGG16 Adam 5000-2000 SIZE400 DeFreeze 4 -  DR40-CC1024-NORM-CC512-DR40 - BATCH32,CNN12
515,1560,0.5493646138807429,0.5536945812807882,0.5515210991167812,1015.0,Model_Img_Reseau_RGB_VGG16_V03,VGG16 Adam 5000-2000 SIZE400 DeFreeze 4 -  DR40-CC1024-NORM-CC512-DR40 - BATCH32,CNN12
516,1920,0.810062893081761,0.7479674796747967,0.7777777777777778,861.0,Model_Img_Reseau_RGB_VGG16_V03,VGG16 Adam 5000-2000 SIZE400 DeFreeze 4 -  DR40-CC1024-NORM-CC512-DR40 - BATCH32,CNN12
517,1940,0.6686390532544378,0.7018633540372671,0.6848484848484848,161.0,Model_Img_Reseau_RGB_VGG16_V03,VGG16 Adam 5000-2000 SIZE400 DeFreeze 4 -  DR40-CC1024-NORM-CC512-DR40 - BATCH32,CNN12
518,2060,0.5228966986155484,0.4914914914914915,0.5067079463364292,999.0,Model_Img_Reseau_RGB_VGG16_V03,VGG16 Adam 5000-2000 SIZE400 DeFreeze 4 -  DR40-CC1024-NORM-CC512-DR40 - BATCH32,CNN12
519,2220,0.5,0.3636363636363636,0.4210526315789474,165.0,Model_Img_Reseau_RGB_VGG16_V03,VGG16 Adam 5000-2000 SIZE400 DeFreeze 4 -  DR40-CC1024-NORM-CC512-DR40 - BATCH32,CNN12
520,2280,0.73046875,0.7857142857142857,0.757085020242915,952.0,Model_Img_Reseau_RGB_VGG16_V03,VGG16 Adam 5000-2000 SIZE400 DeFreeze 4 -  DR40-CC1024-NORM-CC512-DR40 - BATCH32,CNN12
521,2403,0.6843891402714932,0.6335078534031413,0.6579662860250136,955.0,Model_Img_Reseau_RGB_VGG16_V03,VGG16 Adam 5000-2000 SIZE400 DeFreeze 4 -  DR40-CC1024-NORM-CC512-DR40 - BATCH32,CNN12
522,2462,0.5568862275449101,0.6549295774647887,0.6019417475728155,284.0,Model_Img_Reseau_RGB_VGG16_V03,VGG16 Adam 5000-2000 SIZE400 DeFreeze 4 -  DR40-CC1024-NORM-CC512-DR40 - BATCH32,CNN12
523,2522,0.6006974716652136,0.6903807615230461,0.6424242424242425,998.0,Model_Img_Reseau_RGB_VGG16_V03,VGG16 Adam 5000-2000 SIZE400 DeFreeze 4 -  DR40-CC1024-NORM-CC512-DR40 - BATCH32,CNN12
524,2582,0.4884318766066838,0.3667953667953668,0.4189636163175303,518.0,Model_Img_Reseau_RGB_VGG16_V03,VGG16 Adam 5000-2000 SIZE400 DeFreeze 4 -  DR40-CC1024-NORM-CC512-DR40 - BATCH32,CNN12
525,2583,0.8314384577360356,0.8237022526934378,0.8275522755227553,2042.0,Model_Img_Reseau_RGB_VGG16_V03,VGG16 Adam 5000-2000 SIZE400 DeFreeze 4 -  DR40-CC1024-NORM-CC512-DR40 - BATCH32,CNN12
526,2585,0.4515463917525773,0.438877755511022,0.4451219512195122,499.0,Model_Img_Reseau_RGB_VGG16_V03,VGG16 Adam 5000-2000 SIZE400 DeFreeze 4 -  DR40-CC1024-NORM-CC512-DR40 - BATCH32,CNN12
527,2705,0.5482041587901701,0.5253623188405797,0.5365402405180388,552.0,Model_Img_Reseau_RGB_VGG16_V03,VGG16 Adam 5000-2000 SIZE400 DeFreeze 4 -  DR40-CC1024-NORM-CC512-DR40 - BATCH32,CNN12
528,2905,0.5515151515151515,0.5229885057471264,0.5368731563421828,174.0,Model_Img_Reseau_RGB_VGG16_V03,VGG16 Adam 5000-2000 SIZE400 DeFreeze 4 -  DR40-CC1024-NORM-CC512-DR40 - BATCH32,CNN12
529,accuracy,0.6126354215732454,0.6126354215732454,0.6126354215732454,0.6126354215732454,Model_Img_Reseau_RGB_VGG16_V03,VGG16 Adam 5000-2000 SIZE400 DeFreeze 4 -  DR40-CC1024-NORM-CC512-DR40 - BATCH32,CNN12
530,10,0.4896907216494845,0.4574638844301765,0.4730290456431535,623.0,Model_Img_Reseau_RGB_VGG16_V04,VGG16 Adam 5000-2000 SIZE400 DeFreeze 4  - BATCH32,CNN13
531,40,0.6157407407407407,0.5298804780876494,0.569593147751606,502.0,Model_Img_Reseau_RGB_VGG16_V04,VGG16 Adam 5000-2000 SIZE400 DeFreeze 4  - BATCH32,CNN13
532,50,0.4069400630914827,0.3839285714285714,0.3950995405819295,336.0,Model_Img_Reseau_RGB_VGG16_V04,VGG16 Adam 5000-2000 SIZE400 DeFreeze 4  - BATCH32,CNN13
533,60,0.6857142857142857,0.7228915662650602,0.7038123167155426,166.0,Model_Img_Reseau_RGB_VGG16_V04,VGG16 Adam 5000-2000 SIZE400 DeFreeze 4  - BATCH32,CNN13
534,1140,0.5248344370860927,0.5936329588014981,0.5571177504393673,534.0,Model_Img_Reseau_RGB_VGG16_V04,VGG16 Adam 5000-2000 SIZE400 DeFreeze 4  - BATCH32,CNN13
535,1160,0.8724672228843862,0.9254108723135273,0.8981595092024539,791.0,Model_Img_Reseau_RGB_VGG16_V04,VGG16 Adam 5000-2000 SIZE400 DeFreeze 4  - BATCH32,CNN13
536,1180,0.53125,0.4444444444444444,0.4839857651245551,153.0,Model_Img_Reseau_RGB_VGG16_V04,VGG16 Adam 5000-2000 SIZE400 DeFreeze 4  - BATCH32,CNN13
537,1280,0.3644859813084112,0.3603696098562628,0.3624161073825503,974.0,Model_Img_Reseau_RGB_VGG16_V04,VGG16 Adam 5000-2000 SIZE400 DeFreeze 4  - BATCH32,CNN13
538,1281,0.2864197530864197,0.2801932367149758,0.2832722832722833,414.0,Model_Img_Reseau_RGB_VGG16_V04,VGG16 Adam 5000-2000 SIZE400 DeFreeze 4  - BATCH32,CNN13
539,1300,0.6195840554592721,0.7086223984142715,0.6611188164586222,1009.0,Model_Img_Reseau_RGB_VGG16_V04,VGG16 Adam 5000-2000 SIZE400 DeFreeze 4  - BATCH32,CNN13
540,1301,0.6099290780141844,0.5341614906832298,0.5695364238410596,161.0,Model_Img_Reseau_RGB_VGG16_V04,VGG16 Adam 5000-2000 SIZE400 DeFreeze 4  - BATCH32,CNN13
541,1302,0.3577405857740586,0.3433734939759036,0.3504098360655737,498.0,Model_Img_Reseau_RGB_VGG16_V04,VGG16 Adam 5000-2000 SIZE400 DeFreeze 4  - BATCH32,CNN13
542,1320,0.4224683544303797,0.412037037037037,0.4171874999999999,648.0,Model_Img_Reseau_RGB_VGG16_V04,VGG16 Adam 5000-2000 SIZE400 DeFreeze 4  - BATCH32,CNN13
543,1560,0.5555555555555556,0.5320197044334976,0.5435329642677403,1015.0,Model_Img_Reseau_RGB_VGG16_V04,VGG16 Adam 5000-2000 SIZE400 DeFreeze 4  - BATCH32,CNN13
544,1920,0.7609467455621302,0.7468060394889663,0.7538100820633059,861.0,Model_Img_Reseau_RGB_VGG16_V04,VGG16 Adam 5000-2000 SIZE400 DeFreeze 4  - BATCH32,CNN13
545,1940,0.6381578947368421,0.6024844720496895,0.6198083067092652,161.0,Model_Img_Reseau_RGB_VGG16_V04,VGG16 Adam 5000-2000 SIZE400 DeFreeze 4  - BATCH32,CNN13
546,2060,0.4922048997772829,0.4424424424424424,0.4659989457037428,999.0,Model_Img_Reseau_RGB_VGG16_V04,VGG16 Adam 5000-2000 SIZE400 DeFreeze 4  - BATCH32,CNN13
547,2220,0.3942307692307692,0.2484848484848484,0.3048327137546468,165.0,Model_Img_Reseau_RGB_VGG16_V04,VGG16 Adam 5000-2000 SIZE400 DeFreeze 4  - BATCH32,CNN13
548,2280,0.7275419545903258,0.7741596638655462,0.7501272264631044,952.0,Model_Img_Reseau_RGB_VGG16_V04,VGG16 Adam 5000-2000 SIZE400 DeFreeze 4  - BATCH32,CNN13
549,2403,0.6735632183908046,0.6136125654450262,0.6421917808219177,955.0,Model_Img_Reseau_RGB_VGG16_V04,VGG16 Adam 5000-2000 SIZE400 DeFreeze 4  - BATCH32,CNN13
550,2462,0.5497076023391813,0.6619718309859155,0.6006389776357827,284.0,Model_Img_Reseau_RGB_VGG16_V04,VGG16 Adam 5000-2000 SIZE400 DeFreeze 4  - BATCH32,CNN13
551,2522,0.5725321888412017,0.6683366733466933,0.6167360147942671,998.0,Model_Img_Reseau_RGB_VGG16_V04,VGG16 Adam 5000-2000 SIZE400 DeFreeze 4  - BATCH32,CNN13
552,2582,0.4386792452830189,0.3590733590733591,0.3949044585987261,518.0,Model_Img_Reseau_RGB_VGG16_V04,VGG16 Adam 5000-2000 SIZE400 DeFreeze 4  - BATCH32,CNN13
553,2583,0.8278647147905098,0.8031341821743389,0.8153119562515536,2042.0,Model_Img_Reseau_RGB_VGG16_V04,VGG16 Adam 5000-2000 SIZE400 DeFreeze 4  - BATCH32,CNN13
554,2585,0.4103585657370518,0.4128256513026052,0.4115884115884116,499.0,Model_Img_Reseau_RGB_VGG16_V04,VGG16 Adam 5000-2000 SIZE400 DeFreeze 4  - BATCH32,CNN13
555,2705,0.6033182503770739,0.7246376811594203,0.6584362139917695,552.0,Model_Img_Reseau_RGB_VGG16_V04,VGG16 Adam 5000-2000 SIZE400 DeFreeze 4  - BATCH32,CNN13
556,2905,0.6305418719211823,0.735632183908046,0.6790450928381963,174.0,Model_Img_Reseau_RGB_VGG16_V04,VGG16 Adam 5000-2000 SIZE400 DeFreeze 4  - BATCH32,CNN13
557,accuracy,0.59609043805935,0.59609043805935,0.59609043805935,0.59609043805935,Model_Img_Reseau_RGB_VGG16_V04,VGG16 Adam 5000-2000 SIZE400 DeFreeze 4  - BATCH32,CNN13
558,10,0.4209677419354838,0.4189406099518459,0.4199517296862429,623.0,Model_Img_Reseau_RGB_VGG19_V01,VGG19 Adam 5000-2000 SIZE400 DeFreeze 5  DR50-CC1024-CC1024-DR50,CNN15
559,40,0.6282722513089005,0.4780876494023904,0.5429864253393665,502.0,Model_Img_Reseau_RGB_VGG19_V01,VGG19 Adam 5000-2000 SIZE400 DeFreeze 5  DR50-CC1024-CC1024-DR50,CNN15
560,50,0.3038277511961722,0.3779761904761904,0.3368700265251989,336.0,Model_Img_Reseau_RGB_VGG19_V01,VGG19 Adam 5000-2000 SIZE400 DeFreeze 5  DR50-CC1024-CC1024-DR50,CNN15
561,60,0.6759776536312849,0.7289156626506024,0.7014492753623188,166.0,Model_Img_Reseau_RGB_VGG19_V01,VGG19 Adam 5000-2000 SIZE400 DeFreeze 5  DR50-CC1024-CC1024-DR50,CNN15
562,1140,0.4954268292682927,0.6086142322097379,0.546218487394958,534.0,Model_Img_Reseau_RGB_VGG19_V01,VGG19 Adam 5000-2000 SIZE400 DeFreeze 5  DR50-CC1024-CC1024-DR50,CNN15
563,1160,0.8872549019607843,0.9152970922882429,0.9010578718108276,791.0,Model_Img_Reseau_RGB_VGG19_V01,VGG19 Adam 5000-2000 SIZE400 DeFreeze 5  DR50-CC1024-CC1024-DR50,CNN15
564,1180,0.3699421965317919,0.4183006535947712,0.3926380368098159,153.0,Model_Img_Reseau_RGB_VGG19_V01,VGG19 Adam 5000-2000 SIZE400 DeFreeze 5  DR50-CC1024-CC1024-DR50,CNN15
565,1280,0.4184308841843088,0.3449691991786447,0.3781654473832301,974.0,Model_Img_Reseau_RGB_VGG19_V01,VGG19 Adam 5000-2000 SIZE400 DeFreeze 5  DR50-CC1024-CC1024-DR50,CNN15
566,1281,0.3323262839879154,0.2657004830917874,0.2953020134228188,414.0,Model_Img_Reseau_RGB_VGG19_V01,VGG19 Adam 5000-2000 SIZE400 DeFreeze 5  DR50-CC1024-CC1024-DR50,CNN15
567,1300,0.5638673253352152,0.7918731417244796,0.6586974443528442,1009.0,Model_Img_Reseau_RGB_VGG19_V01,VGG19 Adam 5000-2000 SIZE400 DeFreeze 5  DR50-CC1024-CC1024-DR50,CNN15
568,1301,0.4804469273743016,0.5341614906832298,0.5058823529411766,161.0,Model_Img_Reseau_RGB_VGG19_V01,VGG19 Adam 5000-2000 SIZE400 DeFreeze 5  DR50-CC1024-CC1024-DR50,CNN15
569,1302,0.2758620689655172,0.2248995983935743,0.247787610619469,498.0,Model_Img_Reseau_RGB_VGG19_V01,VGG19 Adam 5000-2000 SIZE400 DeFreeze 5  DR50-CC1024-CC1024-DR50,CNN15
570,1320,0.3410493827160494,0.3410493827160494,0.3410493827160494,648.0,Model_Img_Reseau_RGB_VGG19_V01,VGG19 Adam 5000-2000 SIZE400 DeFreeze 5  DR50-CC1024-CC1024-DR50,CNN15
571,1560,0.6037079953650057,0.5133004926108374,0.5548455804046858,1015.0,Model_Img_Reseau_RGB_VGG19_V01,VGG19 Adam 5000-2000 SIZE400 DeFreeze 5  DR50-CC1024-CC1024-DR50,CNN15
572,1920,0.7833935018050542,0.7560975609756098,0.7695035460992908,861.0,Model_Img_Reseau_RGB_VGG19_V01,VGG19 Adam 5000-2000 SIZE400 DeFreeze 5  DR50-CC1024-CC1024-DR50,CNN15
573,1940,0.5323383084577115,0.6645962732919255,0.5911602209944751,161.0,Model_Img_Reseau_RGB_VGG19_V01,VGG19 Adam 5000-2000 SIZE400 DeFreeze 5  DR50-CC1024-CC1024-DR50,CNN15
574,2060,0.4704016913319239,0.4454454454454454,0.4575835475578406,999.0,Model_Img_Reseau_RGB_VGG19_V01,VGG19 Adam 5000-2000 SIZE400 DeFreeze 5  DR50-CC1024-CC1024-DR50,CNN15
575,2220,0.25,0.3393939393939394,0.2879177377892031,165.0,Model_Img_Reseau_RGB_VGG19_V01,VGG19 Adam 5000-2000 SIZE400 DeFreeze 5  DR50-CC1024-CC1024-DR50,CNN15
576,2280,0.7523809523809524,0.7468487394957983,0.7496046389035319,952.0,Model_Img_Reseau_RGB_VGG19_V01,VGG19 Adam 5000-2000 SIZE400 DeFreeze 5  DR50-CC1024-CC1024-DR50,CNN15
577,2403,0.6688888888888889,0.6303664921465969,0.6490566037735849,955.0,Model_Img_Reseau_RGB_VGG19_V01,VGG19 Adam 5000-2000 SIZE400 DeFreeze 5  DR50-CC1024-CC1024-DR50,CNN15
578,2462,0.467018469656992,0.6232394366197183,0.5339366515837104,284.0,Model_Img_Reseau_RGB_VGG19_V01,VGG19 Adam 5000-2000 SIZE400 DeFreeze 5  DR50-CC1024-CC1024-DR50,CNN15
579,2522,0.5803489439853077,0.6332665330661322,0.6056540488739818,998.0,Model_Img_Reseau_RGB_VGG19_V01,VGG19 Adam 5000-2000 SIZE400 DeFreeze 5  DR50-CC1024-CC1024-DR50,CNN15
580,2582,0.5781818181818181,0.3069498069498069,0.4010088272383354,518.0,Model_Img_Reseau_RGB_VGG19_V01,VGG19 Adam 5000-2000 SIZE400 DeFreeze 5  DR50-CC1024-CC1024-DR50,CNN15
581,2583,0.7744326076887448,0.8188050930460333,0.796000952154249,2042.0,Model_Img_Reseau_RGB_VGG19_V01,VGG19 Adam 5000-2000 SIZE400 DeFreeze 5  DR50-CC1024-CC1024-DR50,CNN15
582,2585,0.263803680981595,0.2585170340681362,0.2611336032388663,499.0,Model_Img_Reseau_RGB_VGG19_V01,VGG19 Adam 5000-2000 SIZE400 DeFreeze 5  DR50-CC1024-CC1024-DR50,CNN15
583,2705,0.5124760076775432,0.483695652173913,0.4976700838769803,552.0,Model_Img_Reseau_RGB_VGG19_V01,VGG19 Adam 5000-2000 SIZE400 DeFreeze 5  DR50-CC1024-CC1024-DR50,CNN15
584,2905,0.3955223880597014,0.3045977011494253,0.3441558441558441,174.0,Model_Img_Reseau_RGB_VGG19_V01,VGG19 Adam 5000-2000 SIZE400 DeFreeze 5  DR50-CC1024-CC1024-DR50,CNN15
585,accuracy,0.571596796985398,0.571596796985398,0.571596796985398,0.571596796985398,Model_Img_Reseau_RGB_VGG19_V01,VGG19 Adam 5000-2000 SIZE400 DeFreeze 5  DR50-CC1024-CC1024-DR50,CNN15
586,10,0.5332167832167832,0.4895666131621188,0.5104602510460251,623.0,Model_Img_Reseau_RGB_VGG19_V02,VGG19 Adam 5000-2000 SIZE400 DeFreeze 5  DR40-CC1024-NORM-CC512-DR40,CNN16
587,40,0.6327944572748267,0.545816733067729,0.586096256684492,502.0,Model_Img_Reseau_RGB_VGG19_V02,VGG19 Adam 5000-2000 SIZE400 DeFreeze 5  DR40-CC1024-NORM-CC512-DR40,CNN16
588,50,0.4394904458598726,0.4107142857142857,0.4246153846153846,336.0,Model_Img_Reseau_RGB_VGG19_V02,VGG19 Adam 5000-2000 SIZE400 DeFreeze 5  DR40-CC1024-NORM-CC512-DR40,CNN16
589,60,0.6861702127659575,0.7771084337349398,0.728813559322034,166.0,Model_Img_Reseau_RGB_VGG19_V02,VGG19 Adam 5000-2000 SIZE400 DeFreeze 5  DR40-CC1024-NORM-CC512-DR40,CNN16
590,1140,0.5916230366492147,0.6348314606741573,0.6124661246612466,534.0,Model_Img_Reseau_RGB_VGG19_V02,VGG19 Adam 5000-2000 SIZE400 DeFreeze 5  DR40-CC1024-NORM-CC512-DR40,CNN16
591,1160,0.8902291917973462,0.9329962073324906,0.9111111111111112,791.0,Model_Img_Reseau_RGB_VGG19_V02,VGG19 Adam 5000-2000 SIZE400 DeFreeze 5  DR40-CC1024-NORM-CC512-DR40,CNN16
592,1180,0.440251572327044,0.457516339869281,0.4487179487179487,153.0,Model_Img_Reseau_RGB_VGG19_V02,VGG19 Adam 5000-2000 SIZE400 DeFreeze 5  DR40-CC1024-NORM-CC512-DR40,CNN16
593,1280,0.4608501118568233,0.4229979466119096,0.4411134903640257,974.0,Model_Img_Reseau_RGB_VGG19_V02,VGG19 Adam 5000-2000 SIZE400 DeFreeze 5  DR40-CC1024-NORM-CC512-DR40,CNN16
594,1281,0.3508287292817679,0.3067632850241545,0.3273195876288659,414.0,Model_Img_Reseau_RGB_VGG19_V02,VGG19 Adam 5000-2000 SIZE400 DeFreeze 5  DR40-CC1024-NORM-CC512-DR40,CNN16
595,1300,0.625,0.8077304261645193,0.704712494595763,1009.0,Model_Img_Reseau_RGB_VGG19_V02,VGG19 Adam 5000-2000 SIZE400 DeFreeze 5  DR40-CC1024-NORM-CC512-DR40,CNN16
596,1301,0.5988700564971752,0.6583850931677019,0.6272189349112426,161.0,Model_Img_Reseau_RGB_VGG19_V02,VGG19 Adam 5000-2000 SIZE400 DeFreeze 5  DR40-CC1024-NORM-CC512-DR40,CNN16
597,1302,0.4467640918580375,0.429718875502008,0.4380757420675537,498.0,Model_Img_Reseau_RGB_VGG19_V02,VGG19 Adam 5000-2000 SIZE400 DeFreeze 5  DR40-CC1024-NORM-CC512-DR40,CNN16
598,1320,0.5216637781629117,0.4645061728395062,0.4914285714285715,648.0,Model_Img_Reseau_RGB_VGG19_V02,VGG19 Adam 5000-2000 SIZE400 DeFreeze 5  DR40-CC1024-NORM-CC512-DR40,CNN16
599,1560,0.6077003121748179,0.5753694581280788,0.5910931174089069,1015.0,Model_Img_Reseau_RGB_VGG19_V02,VGG19 Adam 5000-2000 SIZE400 DeFreeze 5  DR40-CC1024-NORM-CC512-DR40,CNN16
600,1920,0.7970183486238532,0.8072009291521487,0.8020773225620312,861.0,Model_Img_Reseau_RGB_VGG19_V02,VGG19 Adam 5000-2000 SIZE400 DeFreeze 5  DR40-CC1024-NORM-CC512-DR40,CNN16
601,1940,0.703030303030303,0.7204968944099379,0.7116564417177913,161.0,Model_Img_Reseau_RGB_VGG19_V02,VGG19 Adam 5000-2000 SIZE400 DeFreeze 5  DR40-CC1024-NORM-CC512-DR40,CNN16
602,2060,0.5583815028901734,0.4834834834834834,0.5182403433476395,999.0,Model_Img_Reseau_RGB_VGG19_V02,VGG19 Adam 5000-2000 SIZE400 DeFreeze 5  DR40-CC1024-NORM-CC512-DR40,CNN16
603,2220,0.457516339869281,0.4242424242424242,0.440251572327044,165.0,Model_Img_Reseau_RGB_VGG19_V02,VGG19 Adam 5000-2000 SIZE400 DeFreeze 5  DR40-CC1024-NORM-CC512-DR40,CNN16
604,2280,0.7524177949709865,0.8172268907563025,0.783484390735146,952.0,Model_Img_Reseau_RGB_VGG19_V02,VGG19 Adam 5000-2000 SIZE400 DeFreeze 5  DR40-CC1024-NORM-CC512-DR40,CNN16
605,2403,0.7012401352874859,0.6513089005235602,0.6753528773072748,955.0,Model_Img_Reseau_RGB_VGG19_V02,VGG19 Adam 5000-2000 SIZE400 DeFreeze 5  DR40-CC1024-NORM-CC512-DR40,CNN16
606,2462,0.579250720461095,0.7077464788732394,0.6370839936608558,284.0,Model_Img_Reseau_RGB_VGG19_V02,VGG19 Adam 5000-2000 SIZE400 DeFreeze 5  DR40-CC1024-NORM-CC512-DR40,CNN16
607,2522,0.6441441441441441,0.7164328657314629,0.6783681214421252,998.0,Model_Img_Reseau_RGB_VGG19_V02,VGG19 Adam 5000-2000 SIZE400 DeFreeze 5  DR40-CC1024-NORM-CC512-DR40,CNN16
608,2582,0.5459610027855153,0.3783783783783784,0.4469783352337514,518.0,Model_Img_Reseau_RGB_VGG19_V02,VGG19 Adam 5000-2000 SIZE400 DeFreeze 5  DR40-CC1024-NORM-CC512-DR40,CNN16
609,2583,0.8436592449177154,0.8535749265426053,0.8485881207400194,2042.0,Model_Img_Reseau_RGB_VGG19_V02,VGG19 Adam 5000-2000 SIZE400 DeFreeze 5  DR40-CC1024-NORM-CC512-DR40,CNN16
610,2585,0.4712153518123667,0.4428857715430861,0.4566115702479339,499.0,Model_Img_Reseau_RGB_VGG19_V02,VGG19 Adam 5000-2000 SIZE400 DeFreeze 5  DR40-CC1024-NORM-CC512-DR40,CNN16
611,2705,0.5688816855753647,0.6358695652173914,0.6005132591958939,552.0,Model_Img_Reseau_RGB_VGG19_V02,VGG19 Adam 5000-2000 SIZE400 DeFreeze 5  DR40-CC1024-NORM-CC512-DR40,CNN16
612,2905,0.5871559633027523,0.735632183908046,0.6530612244897959,174.0,Model_Img_Reseau_RGB_VGG19_V02,VGG19 Adam 5000-2000 SIZE400 DeFreeze 5  DR40-CC1024-NORM-CC512-DR40,CNN16
613,accuracy,0.6400730098916627,0.6400730098916627,0.6400730098916627,0.6400730098916627,Model_Img_Reseau_RGB_VGG19_V02,VGG19 Adam 5000-2000 SIZE400 DeFreeze 5  DR40-CC1024-NORM-CC512-DR40,CNN16
614,10,0.5400981996726678,0.5296950240770465,0.5348460291734198,623.0,Model_Img_Reseau_Xception_V02,Xception Adam 4000-2000 SIZE400 DeFreeze  DR30-CC512-NORM-CC512-DR30- BATCH8,CNN41
615,40,0.5980392156862745,0.4860557768924303,0.5362637362637362,502.0,Model_Img_Reseau_Xception_V02,Xception Adam 4000-2000 SIZE400 DeFreeze  DR30-CC512-NORM-CC512-DR30- BATCH8,CNN41
616,50,0.45,0.4017857142857143,0.4245283018867924,336.0,Model_Img_Reseau_Xception_V02,Xception Adam 4000-2000 SIZE400 DeFreeze  DR30-CC512-NORM-CC512-DR30- BATCH8,CNN41
617,60,0.647887323943662,0.8313253012048193,0.7282321899736147,166.0,Model_Img_Reseau_Xception_V02,Xception Adam 4000-2000 SIZE400 DeFreeze  DR30-CC512-NORM-CC512-DR30- BATCH8,CNN41
618,1140,0.5951557093425606,0.6441947565543071,0.6187050359712231,534.0,Model_Img_Reseau_Xception_V02,Xception Adam 4000-2000 SIZE400 DeFreeze  DR30-CC512-NORM-CC512-DR30- BATCH8,CNN41
619,1160,0.8946078431372549,0.922882427307206,0.9085252022401992,791.0,Model_Img_Reseau_Xception_V02,Xception Adam 4000-2000 SIZE400 DeFreeze  DR30-CC512-NORM-CC512-DR30- BATCH8,CNN41
620,1180,0.5426356589147286,0.457516339869281,0.4964539007092198,153.0,Model_Img_Reseau_Xception_V02,Xception Adam 4000-2000 SIZE400 DeFreeze  DR30-CC512-NORM-CC512-DR30- BATCH8,CNN41
621,1280,0.4418367346938776,0.4445585215605749,0.443193449334698,974.0,Model_Img_Reseau_Xception_V02,Xception Adam 4000-2000 SIZE400 DeFreeze  DR30-CC512-NORM-CC512-DR30- BATCH8,CNN41
622,1281,0.3533333333333333,0.2560386473429952,0.2969187675070028,414.0,Model_Img_Reseau_Xception_V02,Xception Adam 4000-2000 SIZE400 DeFreeze  DR30-CC512-NORM-CC512-DR30- BATCH8,CNN41
623,1300,0.6649746192893401,0.7789890981169475,0.7174806024646281,1009.0,Model_Img_Reseau_Xception_V02,Xception Adam 4000-2000 SIZE400 DeFreeze  DR30-CC512-NORM-CC512-DR30- BATCH8,CNN41
624,1301,0.6309523809523809,0.6583850931677019,0.6443768996960485,161.0,Model_Img_Reseau_Xception_V02,Xception Adam 4000-2000 SIZE400 DeFreeze  DR30-CC512-NORM-CC512-DR30- BATCH8,CNN41
625,1302,0.5254988913525499,0.4759036144578313,0.4994731296101158,498.0,Model_Img_Reseau_Xception_V02,Xception Adam 4000-2000 SIZE400 DeFreeze  DR30-CC512-NORM-CC512-DR30- BATCH8,CNN41
626,1320,0.5276381909547738,0.4861111111111111,0.5060240963855421,648.0,Model_Img_Reseau_Xception_V02,Xception Adam 4000-2000 SIZE400 DeFreeze  DR30-CC512-NORM-CC512-DR30- BATCH8,CNN41
627,1560,0.6426332288401254,0.6059113300492611,0.6237322515212981,1015.0,Model_Img_Reseau_Xception_V02,Xception Adam 4000-2000 SIZE400 DeFreeze  DR30-CC512-NORM-CC512-DR30- BATCH8,CNN41
628,1920,0.8002296211251435,0.8095238095238095,0.804849884526559,861.0,Model_Img_Reseau_Xception_V02,Xception Adam 4000-2000 SIZE400 DeFreeze  DR30-CC512-NORM-CC512-DR30- BATCH8,CNN41
629,1940,0.6491228070175439,0.6894409937888198,0.6686746987951808,161.0,Model_Img_Reseau_Xception_V02,Xception Adam 4000-2000 SIZE400 DeFreeze  DR30-CC512-NORM-CC512-DR30- BATCH8,CNN41
630,2060,0.5741573033707865,0.5115115115115115,0.5410269984118581,999.0,Model_Img_Reseau_Xception_V02,Xception Adam 4000-2000 SIZE400 DeFreeze  DR30-CC512-NORM-CC512-DR30- BATCH8,CNN41
631,2220,0.4615384615384615,0.4363636363636363,0.4485981308411215,165.0,Model_Img_Reseau_Xception_V02,Xception Adam 4000-2000 SIZE400 DeFreeze  DR30-CC512-NORM-CC512-DR30- BATCH8,CNN41
632,2280,0.7093933463796478,0.7615546218487395,0.7345491388044579,952.0,Model_Img_Reseau_Xception_V02,Xception Adam 4000-2000 SIZE400 DeFreeze  DR30-CC512-NORM-CC512-DR30- BATCH8,CNN41
633,2403,0.6886486486486486,0.6670157068062827,0.6776595744680851,955.0,Model_Img_Reseau_Xception_V02,Xception Adam 4000-2000 SIZE400 DeFreeze  DR30-CC512-NORM-CC512-DR30- BATCH8,CNN41
634,2462,0.5325443786982249,0.6338028169014085,0.5787781350482315,284.0,Model_Img_Reseau_Xception_V02,Xception Adam 4000-2000 SIZE400 DeFreeze  DR30-CC512-NORM-CC512-DR30- BATCH8,CNN41
635,2522,0.6469002695417789,0.7214428857715431,0.6821411653244908,998.0,Model_Img_Reseau_Xception_V02,Xception Adam 4000-2000 SIZE400 DeFreeze  DR30-CC512-NORM-CC512-DR30- BATCH8,CNN41
636,2582,0.5146726862302483,0.4401544401544401,0.4745057232049948,518.0,Model_Img_Reseau_Xception_V02,Xception Adam 4000-2000 SIZE400 DeFreeze  DR30-CC512-NORM-CC512-DR30- BATCH8,CNN41
637,2583,0.8286407766990291,0.8359451518119491,0.8322769380789858,2042.0,Model_Img_Reseau_Xception_V02,Xception Adam 4000-2000 SIZE400 DeFreeze  DR30-CC512-NORM-CC512-DR30- BATCH8,CNN41
638,2585,0.5265588914549654,0.4569138276553106,0.4892703862660944,499.0,Model_Img_Reseau_Xception_V02,Xception Adam 4000-2000 SIZE400 DeFreeze  DR30-CC512-NORM-CC512-DR30- BATCH8,CNN41
639,2705,0.5957792207792207,0.6648550724637681,0.6284246575342465,552.0,Model_Img_Reseau_Xception_V02,Xception Adam 4000-2000 SIZE400 DeFreeze  DR30-CC512-NORM-CC512-DR30- BATCH8,CNN41
640,2905,0.5078125,0.7471264367816092,0.6046511627906975,174.0,Model_Img_Reseau_Xception_V02,Xception Adam 4000-2000 SIZE400 DeFreeze  DR30-CC512-NORM-CC512-DR30- BATCH8,CNN41
641,accuracy,0.6418982571832312,0.6418982571832312,0.6418982571832312,0.6418982571832312,Model_Img_Reseau_Xception_V02,Xception Adam 4000-2000 SIZE400 DeFreeze  DR30-CC512-NORM-CC512-DR30- BATCH8,CNN41
642,10,0.5876494023904383,0.4735152487961476,0.5244444444444445,623.0,Model_Img_Reseau_Xception_V01,Xception Adam 4000-2000 SIZE400 DeFreeze  DR30-CC1024-NORM-CC1024-DR30- BATCH168,CNN40
643,40,0.5939226519337016,0.4282868525896414,0.4976851851851853,502.0,Model_Img_Reseau_Xception_V01,Xception Adam 4000-2000 SIZE400 DeFreeze  DR30-CC1024-NORM-CC1024-DR30- BATCH168,CNN40
644,50,0.4494773519163763,0.3839285714285714,0.4141252006420546,336.0,Model_Img_Reseau_Xception_V01,Xception Adam 4000-2000 SIZE400 DeFreeze  DR30-CC1024-NORM-CC1024-DR30- BATCH168,CNN40
645,60,0.6513761467889908,0.8554216867469879,0.7395833333333334,166.0,Model_Img_Reseau_Xception_V01,Xception Adam 4000-2000 SIZE400 DeFreeze  DR30-CC1024-NORM-CC1024-DR30- BATCH168,CNN40
646,1140,0.605683836589698,0.6385767790262172,0.6216955332725616,534.0,Model_Img_Reseau_Xception_V01,Xception Adam 4000-2000 SIZE400 DeFreeze  DR30-CC1024-NORM-CC1024-DR30- BATCH168,CNN40
647,1160,0.8905289052890529,0.9152970922882429,0.9027431421446384,791.0,Model_Img_Reseau_Xception_V01,Xception Adam 4000-2000 SIZE400 DeFreeze  DR30-CC1024-NORM-CC1024-DR30- BATCH168,CNN40
648,1180,0.4928571428571429,0.4509803921568627,0.4709897610921502,153.0,Model_Img_Reseau_Xception_V01,Xception Adam 4000-2000 SIZE400 DeFreeze  DR30-CC1024-NORM-CC1024-DR30- BATCH168,CNN40
649,1280,0.4713160854893138,0.4301848049281314,0.4498121309715512,974.0,Model_Img_Reseau_Xception_V01,Xception Adam 4000-2000 SIZE400 DeFreeze  DR30-CC1024-NORM-CC1024-DR30- BATCH168,CNN40
650,1281,0.3486238532110092,0.2753623188405797,0.3076923076923077,414.0,Model_Img_Reseau_Xception_V01,Xception Adam 4000-2000 SIZE400 DeFreeze  DR30-CC1024-NORM-CC1024-DR30- BATCH168,CNN40
651,1300,0.6641541038525963,0.7859266600594648,0.719927371765774,1009.0,Model_Img_Reseau_Xception_V01,Xception Adam 4000-2000 SIZE400 DeFreeze  DR30-CC1024-NORM-CC1024-DR30- BATCH168,CNN40
652,1301,0.625,0.6832298136645962,0.6528189910979227,161.0,Model_Img_Reseau_Xception_V01,Xception Adam 4000-2000 SIZE400 DeFreeze  DR30-CC1024-NORM-CC1024-DR30- BATCH168,CNN40
653,1302,0.5010615711252654,0.4738955823293173,0.4871001031991744,498.0,Model_Img_Reseau_Xception_V01,Xception Adam 4000-2000 SIZE400 DeFreeze  DR30-CC1024-NORM-CC1024-DR30- BATCH168,CNN40
654,1320,0.5398981324278438,0.4907407407407407,0.5141471301535975,648.0,Model_Img_Reseau_Xception_V01,Xception Adam 4000-2000 SIZE400 DeFreeze  DR30-CC1024-NORM-CC1024-DR30- BATCH168,CNN40
655,1560,0.6207584830339321,0.6128078817733991,0.616757560733763,1015.0,Model_Img_Reseau_Xception_V01,Xception Adam 4000-2000 SIZE400 DeFreeze  DR30-CC1024-NORM-CC1024-DR30- BATCH168,CNN40
656,1920,0.8007425742574258,0.7514518002322881,0.7753145596165368,861.0,Model_Img_Reseau_Xception_V01,Xception Adam 4000-2000 SIZE400 DeFreeze  DR30-CC1024-NORM-CC1024-DR30- BATCH168,CNN40
657,1940,0.6020942408376964,0.7142857142857143,0.653409090909091,161.0,Model_Img_Reseau_Xception_V01,Xception Adam 4000-2000 SIZE400 DeFreeze  DR30-CC1024-NORM-CC1024-DR30- BATCH168,CNN40
658,2060,0.5606407322654462,0.4904904904904905,0.5232247730912973,999.0,Model_Img_Reseau_Xception_V01,Xception Adam 4000-2000 SIZE400 DeFreeze  DR30-CC1024-NORM-CC1024-DR30- BATCH168,CNN40
659,2220,0.4904458598726114,0.4666666666666667,0.4782608695652174,165.0,Model_Img_Reseau_Xception_V01,Xception Adam 4000-2000 SIZE400 DeFreeze  DR30-CC1024-NORM-CC1024-DR30- BATCH168,CNN40
660,2280,0.6902226524685382,0.7489495798319328,0.7183879093198993,952.0,Model_Img_Reseau_Xception_V01,Xception Adam 4000-2000 SIZE400 DeFreeze  DR30-CC1024-NORM-CC1024-DR30- BATCH168,CNN40
661,2403,0.6603970741901777,0.6617801047120419,0.6610878661087866,955.0,Model_Img_Reseau_Xception_V01,Xception Adam 4000-2000 SIZE400 DeFreeze  DR30-CC1024-NORM-CC1024-DR30- BATCH168,CNN40
662,2462,0.5242424242424243,0.6091549295774648,0.5635179153094463,284.0,Model_Img_Reseau_Xception_V01,Xception Adam 4000-2000 SIZE400 DeFreeze  DR30-CC1024-NORM-CC1024-DR30- BATCH168,CNN40
663,2522,0.6605166051660517,0.717434869739479,0.6878001921229587,998.0,Model_Img_Reseau_Xception_V01,Xception Adam 4000-2000 SIZE400 DeFreeze  DR30-CC1024-NORM-CC1024-DR30- BATCH168,CNN40
664,2582,0.4758064516129032,0.4555984555984556,0.4654832347140039,518.0,Model_Img_Reseau_Xception_V01,Xception Adam 4000-2000 SIZE400 DeFreeze  DR30-CC1024-NORM-CC1024-DR30- BATCH168,CNN40
665,2583,0.8233301064859632,0.8330068560235063,0.8281402142161635,2042.0,Model_Img_Reseau_Xception_V01,Xception Adam 4000-2000 SIZE400 DeFreeze  DR30-CC1024-NORM-CC1024-DR30- BATCH168,CNN40
666,2585,0.5090497737556561,0.4509018036072144,0.4782146652497342,499.0,Model_Img_Reseau_Xception_V01,Xception Adam 4000-2000 SIZE400 DeFreeze  DR30-CC1024-NORM-CC1024-DR30- BATCH168,CNN40
667,2705,0.5896700143472023,0.7445652173913043,0.6581265012009607,552.0,Model_Img_Reseau_Xception_V01,Xception Adam 4000-2000 SIZE400 DeFreeze  DR30-CC1024-NORM-CC1024-DR30- BATCH168,CNN40
668,2905,0.4588607594936709,0.8333333333333334,0.5918367346938777,174.0,Model_Img_Reseau_Xception_V01,Xception Adam 4000-2000 SIZE400 DeFreeze  DR30-CC1024-NORM-CC1024-DR30- BATCH168,CNN40
669,accuracy,0.6363636363636364,0.6363636363636364,0.6363636363636364,0.6363636363636364,Model_Img_Reseau_Xception_V01,Xception Adam 4000-2000 SIZE400 DeFreeze  DR30-CC1024-NORM-CC1024-DR30- BATCH168,CNN40
670,10,0.560546875,0.4606741573033708,0.5057268722466961,623.0,Model_Img_Reseau_Xception_V03,Xception Adam 4000-2000 SIZE400 DeFreeze  DR40-CC512-NORM-CC512-DR40- BATCH8,CNN42
671,40,0.6318681318681318,0.4581673306772908,0.5311778290993071,502.0,Model_Img_Reseau_Xception_V03,Xception Adam 4000-2000 SIZE400 DeFreeze  DR40-CC512-NORM-CC512-DR40- BATCH8,CNN42
672,50,0.4917491749174917,0.4434523809523809,0.4663536776212832,336.0,Model_Img_Reseau_Xception_V03,Xception Adam 4000-2000 SIZE400 DeFreeze  DR40-CC512-NORM-CC512-DR40- BATCH8,CNN42
673,60,0.6558139534883721,0.8493975903614458,0.7401574803149606,166.0,Model_Img_Reseau_Xception_V03,Xception Adam 4000-2000 SIZE400 DeFreeze  DR40-CC512-NORM-CC512-DR40- BATCH8,CNN42
674,1140,0.6097560975609756,0.6554307116104869,0.6317689530685919,534.0,Model_Img_Reseau_Xception_V03,Xception Adam 4000-2000 SIZE400 DeFreeze  DR40-CC512-NORM-CC512-DR40- BATCH8,CNN42
675,1160,0.8993865030674847,0.9266750948166876,0.9128268991282688,791.0,Model_Img_Reseau_Xception_V03,Xception Adam 4000-2000 SIZE400 DeFreeze  DR40-CC512-NORM-CC512-DR40- BATCH8,CNN42
676,1180,0.5182481751824818,0.4640522875816993,0.4896551724137931,153.0,Model_Img_Reseau_Xception_V03,Xception Adam 4000-2000 SIZE400 DeFreeze  DR40-CC512-NORM-CC512-DR40- BATCH8,CNN42
677,1280,0.4609460946094609,0.4301848049281314,0.4450345193839617,974.0,Model_Img_Reseau_Xception_V03,Xception Adam 4000-2000 SIZE400 DeFreeze  DR40-CC512-NORM-CC512-DR40- BATCH8,CNN42
678,1281,0.3796610169491525,0.2705314009661835,0.315937940761636,414.0,Model_Img_Reseau_Xception_V03,Xception Adam 4000-2000 SIZE400 DeFreeze  DR40-CC512-NORM-CC512-DR40- BATCH8,CNN42
679,1300,0.6786610878661088,0.8037661050545094,0.735934664246824,1009.0,Model_Img_Reseau_Xception_V03,Xception Adam 4000-2000 SIZE400 DeFreeze  DR40-CC512-NORM-CC512-DR40- BATCH8,CNN42
680,1301,0.6460674157303371,0.7142857142857143,0.6784660766961652,161.0,Model_Img_Reseau_Xception_V03,Xception Adam 4000-2000 SIZE400 DeFreeze  DR40-CC512-NORM-CC512-DR40- BATCH8,CNN42
681,1302,0.5104602510460251,0.4899598393574297,0.5,498.0,Model_Img_Reseau_Xception_V03,Xception Adam 4000-2000 SIZE400 DeFreeze  DR40-CC512-NORM-CC512-DR40- BATCH8,CNN42
682,1320,0.5366269165247018,0.4861111111111111,0.5101214574898785,648.0,Model_Img_Reseau_Xception_V03,Xception Adam 4000-2000 SIZE400 DeFreeze  DR40-CC512-NORM-CC512-DR40- BATCH8,CNN42
683,1560,0.625,0.6108374384236454,0.6178375685102142,1015.0,Model_Img_Reseau_Xception_V03,Xception Adam 4000-2000 SIZE400 DeFreeze  DR40-CC512-NORM-CC512-DR40- BATCH8,CNN42
684,1920,0.79841449603624,0.818815331010453,0.8084862385321102,861.0,Model_Img_Reseau_Xception_V03,Xception Adam 4000-2000 SIZE400 DeFreeze  DR40-CC512-NORM-CC512-DR40- BATCH8,CNN42
685,1940,0.6153846153846154,0.6956521739130435,0.6530612244897959,161.0,Model_Img_Reseau_Xception_V03,Xception Adam 4000-2000 SIZE400 DeFreeze  DR40-CC512-NORM-CC512-DR40- BATCH8,CNN42
686,2060,0.5687861271676301,0.4924924924924925,0.5278969957081545,999.0,Model_Img_Reseau_Xception_V03,Xception Adam 4000-2000 SIZE400 DeFreeze  DR40-CC512-NORM-CC512-DR40- BATCH8,CNN42
687,2220,0.4244186046511627,0.4424242424242424,0.4332344213649851,165.0,Model_Img_Reseau_Xception_V03,Xception Adam 4000-2000 SIZE400 DeFreeze  DR40-CC512-NORM-CC512-DR40- BATCH8,CNN42
688,2280,0.6931067044381491,0.7710084033613446,0.7299850820487319,952.0,Model_Img_Reseau_Xception_V03,Xception Adam 4000-2000 SIZE400 DeFreeze  DR40-CC512-NORM-CC512-DR40- BATCH8,CNN42
689,2403,0.6735324407826982,0.6848167539267016,0.6791277258566979,955.0,Model_Img_Reseau_Xception_V03,Xception Adam 4000-2000 SIZE400 DeFreeze  DR40-CC512-NORM-CC512-DR40- BATCH8,CNN42
690,2462,0.570957095709571,0.6091549295774648,0.5894378194207835,284.0,Model_Img_Reseau_Xception_V03,Xception Adam 4000-2000 SIZE400 DeFreeze  DR40-CC512-NORM-CC512-DR40- BATCH8,CNN42
691,2522,0.6796208530805687,0.718436873747495,0.6984900146127618,998.0,Model_Img_Reseau_Xception_V03,Xception Adam 4000-2000 SIZE400 DeFreeze  DR40-CC512-NORM-CC512-DR40- BATCH8,CNN42
692,2582,0.4989473684210526,0.4575289575289575,0.4773413897280966,518.0,Model_Img_Reseau_Xception_V03,Xception Adam 4000-2000 SIZE400 DeFreeze  DR40-CC512-NORM-CC512-DR40- BATCH8,CNN42
693,2583,0.8439048562933598,0.8339862879529872,0.8389162561576354,2042.0,Model_Img_Reseau_Xception_V03,Xception Adam 4000-2000 SIZE400 DeFreeze  DR40-CC512-NORM-CC512-DR40- BATCH8,CNN42
694,2585,0.5121951219512195,0.4629258517034068,0.4863157894736842,499.0,Model_Img_Reseau_Xception_V03,Xception Adam 4000-2000 SIZE400 DeFreeze  DR40-CC512-NORM-CC512-DR40- BATCH8,CNN42
695,2705,0.5660639777468707,0.7373188405797102,0.6404405979543667,552.0,Model_Img_Reseau_Xception_V03,Xception Adam 4000-2000 SIZE400 DeFreeze  DR40-CC512-NORM-CC512-DR40- BATCH8,CNN42
696,2905,0.4945848375451263,0.7873563218390804,0.6075388026607539,174.0,Model_Img_Reseau_Xception_V03,Xception Adam 4000-2000 SIZE400 DeFreeze  DR40-CC512-NORM-CC512-DR40- BATCH8,CNN42
697,accuracy,0.6460197833254828,0.6460197833254828,0.6460197833254828,0.6460197833254828,Model_Img_Reseau_Xception_V03,Xception Adam 4000-2000 SIZE400 DeFreeze  DR40-CC512-NORM-CC512-DR40- BATCH8,CNN42
698,10,0.4957555178268251,0.4686998394863563,0.4818481848184818,623.0,Model_Img_Reseau_Xception_V04,Xception Adam 4000-2000 SIZE400 DeFreeze  DR50-CC1024-CC1024-DR50- BATCH8,CNN43
699,40,0.5662100456621004,0.4940239043824701,0.5276595744680851,502.0,Model_Img_Reseau_Xception_V04,Xception Adam 4000-2000 SIZE400 DeFreeze  DR50-CC1024-CC1024-DR50- BATCH8,CNN43
700,50,0.5250836120401338,0.4672619047619047,0.4944881889763779,336.0,Model_Img_Reseau_Xception_V04,Xception Adam 4000-2000 SIZE400 DeFreeze  DR50-CC1024-CC1024-DR50- BATCH8,CNN43
701,60,0.711340206185567,0.8313253012048193,0.7666666666666667,166.0,Model_Img_Reseau_Xception_V04,Xception Adam 4000-2000 SIZE400 DeFreeze  DR50-CC1024-CC1024-DR50- BATCH8,CNN43
702,1140,0.6026711185308848,0.6760299625468165,0.6372462488967343,534.0,Model_Img_Reseau_Xception_V04,Xception Adam 4000-2000 SIZE400 DeFreeze  DR50-CC1024-CC1024-DR50- BATCH8,CNN43
703,1160,0.90920245398773,0.9367888748419722,0.9227895392278952,791.0,Model_Img_Reseau_Xception_V04,Xception Adam 4000-2000 SIZE400 DeFreeze  DR50-CC1024-CC1024-DR50- BATCH8,CNN43
704,1180,0.5555555555555556,0.457516339869281,0.5017921146953406,153.0,Model_Img_Reseau_Xception_V04,Xception Adam 4000-2000 SIZE400 DeFreeze  DR50-CC1024-CC1024-DR50- BATCH8,CNN43
705,1280,0.4723726977248104,0.4476386036960985,0.459673168160253,974.0,Model_Img_Reseau_Xception_V04,Xception Adam 4000-2000 SIZE400 DeFreeze  DR50-CC1024-CC1024-DR50- BATCH8,CNN43
706,1281,0.3707165109034268,0.28743961352657,0.3238095238095237,414.0,Model_Img_Reseau_Xception_V04,Xception Adam 4000-2000 SIZE400 DeFreeze  DR50-CC1024-CC1024-DR50- BATCH8,CNN43
707,1300,0.6756756756756757,0.7928642220019821,0.729594163246694,1009.0,Model_Img_Reseau_Xception_V04,Xception Adam 4000-2000 SIZE400 DeFreeze  DR50-CC1024-CC1024-DR50- BATCH8,CNN43
708,1301,0.6390532544378699,0.6708074534161491,0.6545454545454547,161.0,Model_Img_Reseau_Xception_V04,Xception Adam 4000-2000 SIZE400 DeFreeze  DR50-CC1024-CC1024-DR50- BATCH8,CNN43
709,1302,0.5185995623632386,0.4759036144578313,0.4963350785340314,498.0,Model_Img_Reseau_Xception_V04,Xception Adam 4000-2000 SIZE400 DeFreeze  DR50-CC1024-CC1024-DR50- BATCH8,CNN43
710,1320,0.5532994923857868,0.5046296296296297,0.5278450363196125,648.0,Model_Img_Reseau_Xception_V04,Xception Adam 4000-2000 SIZE400 DeFreeze  DR50-CC1024-CC1024-DR50- BATCH8,CNN43
711,1560,0.6370143149284253,0.6137931034482759,0.6251881585549423,1015.0,Model_Img_Reseau_Xception_V04,Xception Adam 4000-2000 SIZE400 DeFreeze  DR50-CC1024-CC1024-DR50- BATCH8,CNN43
712,1920,0.8254156769596199,0.8072009291521487,0.8162066940692895,861.0,Model_Img_Reseau_Xception_V04,Xception Adam 4000-2000 SIZE400 DeFreeze  DR50-CC1024-CC1024-DR50- BATCH8,CNN43
713,1940,0.6312849162011173,0.7018633540372671,0.6647058823529411,161.0,Model_Img_Reseau_Xception_V04,Xception Adam 4000-2000 SIZE400 DeFreeze  DR50-CC1024-CC1024-DR50- BATCH8,CNN43
714,2060,0.5807860262008734,0.5325325325325325,0.5556135770234988,999.0,Model_Img_Reseau_Xception_V04,Xception Adam 4000-2000 SIZE400 DeFreeze  DR50-CC1024-CC1024-DR50- BATCH8,CNN43
715,2220,0.5277777777777778,0.4606060606060606,0.4919093851132686,165.0,Model_Img_Reseau_Xception_V04,Xception Adam 4000-2000 SIZE400 DeFreeze  DR50-CC1024-CC1024-DR50- BATCH8,CNN43
716,2280,0.6914893617021277,0.7510504201680672,0.7200402819738168,952.0,Model_Img_Reseau_Xception_V04,Xception Adam 4000-2000 SIZE400 DeFreeze  DR50-CC1024-CC1024-DR50- BATCH8,CNN43
717,2403,0.6804232804232804,0.6732984293193718,0.6768421052631579,955.0,Model_Img_Reseau_Xception_V04,Xception Adam 4000-2000 SIZE400 DeFreeze  DR50-CC1024-CC1024-DR50- BATCH8,CNN43
718,2462,0.5791139240506329,0.6443661971830986,0.6100000000000001,284.0,Model_Img_Reseau_Xception_V04,Xception Adam 4000-2000 SIZE400 DeFreeze  DR50-CC1024-CC1024-DR50- BATCH8,CNN43
719,2522,0.6697416974169742,0.7274549098196392,0.6974063400576369,998.0,Model_Img_Reseau_Xception_V04,Xception Adam 4000-2000 SIZE400 DeFreeze  DR50-CC1024-CC1024-DR50- BATCH8,CNN43
720,2582,0.4864300626304801,0.4498069498069498,0.4674022066198596,518.0,Model_Img_Reseau_Xception_V04,Xception Adam 4000-2000 SIZE400 DeFreeze  DR50-CC1024-CC1024-DR50- BATCH8,CNN43
721,2583,0.8418762088974855,0.8525954946131243,0.8472019464720195,2042.0,Model_Img_Reseau_Xception_V04,Xception Adam 4000-2000 SIZE400 DeFreeze  DR50-CC1024-CC1024-DR50- BATCH8,CNN43
722,2585,0.5486725663716814,0.4969939879759519,0.5215562565720294,499.0,Model_Img_Reseau_Xception_V04,Xception Adam 4000-2000 SIZE400 DeFreeze  DR50-CC1024-CC1024-DR50- BATCH8,CNN43
723,2705,0.5452991452991452,0.5778985507246377,0.5611257695690414,552.0,Model_Img_Reseau_Xception_V04,Xception Adam 4000-2000 SIZE400 DeFreeze  DR50-CC1024-CC1024-DR50- BATCH8,CNN43
724,2905,0.4669260700389105,0.6896551724137931,0.5568445475638051,174.0,Model_Img_Reseau_Xception_V04,Xception Adam 4000-2000 SIZE400 DeFreeze  DR50-CC1024-CC1024-DR50- BATCH8,CNN43
725,accuracy,0.6477272727272727,0.6477272727272727,0.6477272727272727,0.6477272727272727,Model_Img_Reseau_Xception_V04,Xception Adam 4000-2000 SIZE400 DeFreeze  DR50-CC1024-CC1024-DR50- BATCH8,CNN43
726,macro avg,0.6039921011917828,0.6107424205786222,0.605049484947054,16984.0,Model_Img_Reseau_Xception_V04,Xception Adam 4000-2000 SIZE400 DeFreeze  DR50-CC1024-CC1024-DR50- BATCH8,CNN43
727,weighted avg,0.6431283711665953,0.6477272727272727,0.6440582539811339,16984.0,Model_Img_Reseau_Xception_V04,Xception Adam 4000-2000 SIZE400 DeFreeze  DR50-CC1024-CC1024-DR50- BATCH8,CNN43
728,10,0.4936102236421725,0.4959871589085072,0.4947958366693354,623.0,Model_Img_Reseau_Xception_V04,Xception Adam 4000-2000 SIZE400 DeFreeze  DR50-CC1024-CC512-DR50- BATCH8,CNN44
729,40,0.6175710594315246,0.4760956175298805,0.5376827896512937,502.0,Model_Img_Reseau_Xception_V04,Xception Adam 4000-2000 SIZE400 DeFreeze  DR50-CC1024-CC512-DR50- BATCH8,CNN44
730,50,0.521311475409836,0.4732142857142857,0.4960998439937597,336.0,Model_Img_Reseau_Xception_V04,Xception Adam 4000-2000 SIZE400 DeFreeze  DR50-CC1024-CC512-DR50- BATCH8,CNN44
731,60,0.6934673366834171,0.8313253012048193,0.7561643835616437,166.0,Model_Img_Reseau_Xception_V04,Xception Adam 4000-2000 SIZE400 DeFreeze  DR50-CC1024-CC512-DR50- BATCH8,CNN44
732,1140,0.6033898305084746,0.6666666666666666,0.6334519572953736,534.0,Model_Img_Reseau_Xception_V04,Xception Adam 4000-2000 SIZE400 DeFreeze  DR50-CC1024-CC512-DR50- BATCH8,CNN44
733,1160,0.8924205378973105,0.922882427307206,0.9073958980733374,791.0,Model_Img_Reseau_Xception_V04,Xception Adam 4000-2000 SIZE400 DeFreeze  DR50-CC1024-CC512-DR50- BATCH8,CNN44
734,1180,0.5932203389830508,0.457516339869281,0.5166051660516605,153.0,Model_Img_Reseau_Xception_V04,Xception Adam 4000-2000 SIZE400 DeFreeze  DR50-CC1024-CC512-DR50- BATCH8,CNN44
735,1280,0.4789719626168224,0.4209445585215606,0.448087431693989,974.0,Model_Img_Reseau_Xception_V04,Xception Adam 4000-2000 SIZE400 DeFreeze  DR50-CC1024-CC512-DR50- BATCH8,CNN44
736,1281,0.3716814159292035,0.3043478260869565,0.3346613545816733,414.0,Model_Img_Reseau_Xception_V04,Xception Adam 4000-2000 SIZE400 DeFreeze  DR50-CC1024-CC512-DR50- BATCH8,CNN44
737,1300,0.663358147229115,0.7948463825569871,0.7231740306582507,1009.0,Model_Img_Reseau_Xception_V04,Xception Adam 4000-2000 SIZE400 DeFreeze  DR50-CC1024-CC512-DR50- BATCH8,CNN44
738,1301,0.6257309941520468,0.6645962732919255,0.6445783132530121,161.0,Model_Img_Reseau_Xception_V04,Xception Adam 4000-2000 SIZE400 DeFreeze  DR50-CC1024-CC512-DR50- BATCH8,CNN44
739,1302,0.5085836909871244,0.4759036144578313,0.491701244813278,498.0,Model_Img_Reseau_Xception_V04,Xception Adam 4000-2000 SIZE400 DeFreeze  DR50-CC1024-CC512-DR50- BATCH8,CNN44
740,1320,0.5557404326123128,0.5154320987654321,0.5348278622898318,648.0,Model_Img_Reseau_Xception_V04,Xception Adam 4000-2000 SIZE400 DeFreeze  DR50-CC1024-CC512-DR50- BATCH8,CNN44
741,1560,0.6217821782178218,0.6187192118226601,0.620246913580247,1015.0,Model_Img_Reseau_Xception_V04,Xception Adam 4000-2000 SIZE400 DeFreeze  DR50-CC1024-CC512-DR50- BATCH8,CNN44
742,1920,0.8207217694994179,0.818815331010453,0.8197674418604651,861.0,Model_Img_Reseau_Xception_V04,Xception Adam 4000-2000 SIZE400 DeFreeze  DR50-CC1024-CC512-DR50- BATCH8,CNN44
743,1940,0.6440677966101694,0.7080745341614907,0.6745562130177515,161.0,Model_Img_Reseau_Xception_V04,Xception Adam 4000-2000 SIZE400 DeFreeze  DR50-CC1024-CC512-DR50- BATCH8,CNN44
744,2060,0.5993377483443708,0.5435435435435435,0.5700787401574803,999.0,Model_Img_Reseau_Xception_V04,Xception Adam 4000-2000 SIZE400 DeFreeze  DR50-CC1024-CC512-DR50- BATCH8,CNN44
745,2220,0.5159235668789809,0.4909090909090909,0.5031055900621118,165.0,Model_Img_Reseau_Xception_V04,Xception Adam 4000-2000 SIZE400 DeFreeze  DR50-CC1024-CC512-DR50- BATCH8,CNN44
746,2280,0.6948669201520913,0.7678571428571429,0.7295409181636726,952.0,Model_Img_Reseau_Xception_V04,Xception Adam 4000-2000 SIZE400 DeFreeze  DR50-CC1024-CC512-DR50- BATCH8,CNN44
747,2403,0.68,0.6764397905759162,0.6782152230971129,955.0,Model_Img_Reseau_Xception_V04,Xception Adam 4000-2000 SIZE400 DeFreeze  DR50-CC1024-CC512-DR50- BATCH8,CNN44
748,2462,0.5545454545454546,0.6443661971830986,0.5960912052117264,284.0,Model_Img_Reseau_Xception_V04,Xception Adam 4000-2000 SIZE400 DeFreeze  DR50-CC1024-CC512-DR50- BATCH8,CNN44
749,2522,0.6818613485280152,0.7194388777555111,0.7001462701121405,998.0,Model_Img_Reseau_Xception_V04,Xception Adam 4000-2000 SIZE400 DeFreeze  DR50-CC1024-CC512-DR50- BATCH8,CNN44
750,2582,0.5189309576837416,0.4498069498069498,0.4819027921406411,518.0,Model_Img_Reseau_Xception_V04,Xception Adam 4000-2000 SIZE400 DeFreeze  DR50-CC1024-CC512-DR50- BATCH8,CNN44
751,2583,0.8326867119301649,0.8408423114593536,0.8367446393762183,2042.0,Model_Img_Reseau_Xception_V04,Xception Adam 4000-2000 SIZE400 DeFreeze  DR50-CC1024-CC512-DR50- BATCH8,CNN44
752,2585,0.5152173913043478,0.4749498997995992,0.4942648592283629,499.0,Model_Img_Reseau_Xception_V04,Xception Adam 4000-2000 SIZE400 DeFreeze  DR50-CC1024-CC512-DR50- BATCH8,CNN44
753,2705,0.5593525179856115,0.5634057971014492,0.5613718411552346,552.0,Model_Img_Reseau_Xception_V04,Xception Adam 4000-2000 SIZE400 DeFreeze  DR50-CC1024-CC512-DR50- BATCH8,CNN44
754,2905,0.4784172661870504,0.764367816091954,0.588495575221239,174.0,Model_Img_Reseau_Xception_V04,Xception Adam 4000-2000 SIZE400 DeFreeze  DR50-CC1024-CC512-DR50- BATCH8,CNN44
755,accuracy,0.6474917569477155,0.6474917569477155,0.6474917569477155,0.6474917569477155,Model_Img_Reseau_Xception_V04,Xception Adam 4000-2000 SIZE400 DeFreeze  DR50-CC1024-CC512-DR50- BATCH8,CNN44
756,macro avg,0.6050655212573944,0.6141220387022055,0.6064353457396607,16984.0,Model_Img_Reseau_Xception_V04,Xception Adam 4000-2000 SIZE400 DeFreeze  DR50-CC1024-CC512-DR50- BATCH8,CNN44
757,weighted avg,0.6431358940492903,0.6474917569477155,0.6435024183992754,16984.0,Model_Img_Reseau_Xception_V04,Xception Adam 4000-2000 SIZE400 DeFreeze  DR50-CC1024-CC512-DR50- BATCH8,CNN44
758,10,0.4785932721712538,0.5024077046548957,0.490211433046202,623.0,Model_Img_Reseau_Xception_V04,Xception Adam 4000-2000 SIZE400   DR50-CC1024-CC512-DR50- BATCH8,CNN45
759,40,0.5531914893617021,0.4661354581673306,0.505945945945946,502.0,Model_Img_Reseau_Xception_V04,Xception Adam 4000-2000 SIZE400   DR50-CC1024-CC512-DR50- BATCH8,CNN45
760,50,0.5109717868338558,0.4851190476190476,0.4977099236641222,336.0,Model_Img_Reseau_Xception_V04,Xception Adam 4000-2000 SIZE400   DR50-CC1024-CC512-DR50- BATCH8,CNN45
761,60,0.6919191919191919,0.8253012048192772,0.7527472527472526,166.0,Model_Img_Reseau_Xception_V04,Xception Adam 4000-2000 SIZE400   DR50-CC1024-CC512-DR50- BATCH8,CNN45
762,1140,0.6018018018018018,0.6254681647940075,0.613406795224977,534.0,Model_Img_Reseau_Xception_V04,Xception Adam 4000-2000 SIZE400   DR50-CC1024-CC512-DR50- BATCH8,CNN45
763,1160,0.9102402022756004,0.9102402022756004,0.9102402022756004,791.0,Model_Img_Reseau_Xception_V04,Xception Adam 4000-2000 SIZE400   DR50-CC1024-CC512-DR50- BATCH8,CNN45
764,1180,0.5081967213114754,0.4052287581699346,0.4509090909090909,153.0,Model_Img_Reseau_Xception_V04,Xception Adam 4000-2000 SIZE400   DR50-CC1024-CC512-DR50- BATCH8,CNN45
765,1280,0.4446786090621707,0.433264887063655,0.4388975559022361,974.0,Model_Img_Reseau_Xception_V04,Xception Adam 4000-2000 SIZE400   DR50-CC1024-CC512-DR50- BATCH8,CNN45
766,1281,0.3470588235294117,0.2850241545893719,0.312997347480106,414.0,Model_Img_Reseau_Xception_V04,Xception Adam 4000-2000 SIZE400   DR50-CC1024-CC512-DR50- BATCH8,CNN45
767,1300,0.662621359223301,0.8116947472745293,0.7296213808463252,1009.0,Model_Img_Reseau_Xception_V04,Xception Adam 4000-2000 SIZE400   DR50-CC1024-CC512-DR50- BATCH8,CNN45
768,1301,0.64375,0.639751552795031,0.6417445482866043,161.0,Model_Img_Reseau_Xception_V04,Xception Adam 4000-2000 SIZE400   DR50-CC1024-CC512-DR50- BATCH8,CNN45
769,1302,0.5216400911161732,0.4598393574297189,0.4887940234791889,498.0,Model_Img_Reseau_Xception_V04,Xception Adam 4000-2000 SIZE400   DR50-CC1024-CC512-DR50- BATCH8,CNN45
770,1320,0.5570934256055363,0.4969135802469135,0.5252854812398042,648.0,Model_Img_Reseau_Xception_V04,Xception Adam 4000-2000 SIZE400   DR50-CC1024-CC512-DR50- BATCH8,CNN45
771,1560,0.6268958543983822,0.6108374384236454,0.6187624750499003,1015.0,Model_Img_Reseau_Xception_V04,Xception Adam 4000-2000 SIZE400   DR50-CC1024-CC512-DR50- BATCH8,CNN45
772,1920,0.812206572769953,0.8037166085946573,0.8079392877991826,861.0,Model_Img_Reseau_Xception_V04,Xception Adam 4000-2000 SIZE400   DR50-CC1024-CC512-DR50- BATCH8,CNN45
773,1940,0.6705202312138728,0.7204968944099379,0.6946107784431138,161.0,Model_Img_Reseau_Xception_V04,Xception Adam 4000-2000 SIZE400   DR50-CC1024-CC512-DR50- BATCH8,CNN45
774,2060,0.5462012320328542,0.5325325325325325,0.5392802838317283,999.0,Model_Img_Reseau_Xception_V04,Xception Adam 4000-2000 SIZE400   DR50-CC1024-CC512-DR50- BATCH8,CNN45
775,2220,0.5701754385964912,0.3939393939393939,0.4659498207885305,165.0,Model_Img_Reseau_Xception_V04,Xception Adam 4000-2000 SIZE400   DR50-CC1024-CC512-DR50- BATCH8,CNN45
776,2280,0.7030784508440914,0.7436974789915967,0.7228177641653906,952.0,Model_Img_Reseau_Xception_V04,Xception Adam 4000-2000 SIZE400   DR50-CC1024-CC512-DR50- BATCH8,CNN45
777,2403,0.6980088495575221,0.6607329842931937,0.678859601936525,955.0,Model_Img_Reseau_Xception_V04,Xception Adam 4000-2000 SIZE400   DR50-CC1024-CC512-DR50- BATCH8,CNN45
778,2462,0.525679758308157,0.6126760563380281,0.5658536585365853,284.0,Model_Img_Reseau_Xception_V04,Xception Adam 4000-2000 SIZE400   DR50-CC1024-CC512-DR50- BATCH8,CNN45
779,2522,0.6615935541629364,0.7404809619238477,0.6988179669030732,998.0,Model_Img_Reseau_Xception_V04,Xception Adam 4000-2000 SIZE400   DR50-CC1024-CC512-DR50- BATCH8,CNN45
780,2582,0.5147783251231527,0.4034749034749035,0.4523809523809524,518.0,Model_Img_Reseau_Xception_V04,Xception Adam 4000-2000 SIZE400   DR50-CC1024-CC512-DR50- BATCH8,CNN45
781,2583,0.8454227113556778,0.8276199804113614,0.8364266270725068,2042.0,Model_Img_Reseau_Xception_V04,Xception Adam 4000-2000 SIZE400   DR50-CC1024-CC512-DR50- BATCH8,CNN45
782,2585,0.5248380129589633,0.4869739478957915,0.5051975051975052,499.0,Model_Img_Reseau_Xception_V04,Xception Adam 4000-2000 SIZE400   DR50-CC1024-CC512-DR50- BATCH8,CNN45
783,2705,0.525974025974026,0.5869565217391305,0.5547945205479451,552.0,Model_Img_Reseau_Xception_V04,Xception Adam 4000-2000 SIZE400   DR50-CC1024-CC512-DR50- BATCH8,CNN45
784,2905,0.4581818181818182,0.7241379310344828,0.5612472160356348,174.0,Model_Img_Reseau_Xception_V04,Xception Adam 4000-2000 SIZE400   DR50-CC1024-CC512-DR50- BATCH8,CNN45
785,accuracy,0.6385421573245408,0.6385421573245408,0.6385421573245408,0.6385421573245408,Model_Img_Reseau_Xception_V04,Xception Adam 4000-2000 SIZE400   DR50-CC1024-CC512-DR50- BATCH8,CNN45
786,macro avg,0.5968633929514582,0.5998023131074747,0.5948684977680011,16984.0,Model_Img_Reseau_Xception_V04,Xception Adam 4000-2000 SIZE400   DR50-CC1024-CC512-DR50- BATCH8,CNN45
787,weighted avg,0.6361918090939199,0.6385421573245408,0.6354513906828143,16984.0,Model_Img_Reseau_Xception_V04,Xception Adam 4000-2000 SIZE400   DR50-CC1024-CC512-DR50- BATCH8,CNN45
788,10,0.4776357827476038,0.4799357945425361,0.4787830264211369,623.0,Model_Img_Reseau_Xception_V04,Xception Adam 4000-2000 SIZE400   DR50-CC1024-CC1024-DR50- BATCH8,CNN46
789,40,0.5473441108545035,0.4721115537848606,0.5069518716577539,502.0,Model_Img_Reseau_Xception_V04,Xception Adam 4000-2000 SIZE400   DR50-CC1024-CC1024-DR50- BATCH8,CNN46
790,50,0.4794952681388013,0.4523809523809524,0.4655436447166921,336.0,Model_Img_Reseau_Xception_V04,Xception Adam 4000-2000 SIZE400   DR50-CC1024-CC1024-DR50- BATCH8,CNN46
791,60,0.7040816326530612,0.8313253012048193,0.7624309392265194,166.0,Model_Img_Reseau_Xception_V04,Xception Adam 4000-2000 SIZE400   DR50-CC1024-CC1024-DR50- BATCH8,CNN46
792,1140,0.6054054054054054,0.6292134831460674,0.6170798898071626,534.0,Model_Img_Reseau_Xception_V04,Xception Adam 4000-2000 SIZE400   DR50-CC1024-CC1024-DR50- BATCH8,CNN46
793,1160,0.8993788819875776,0.9152970922882429,0.9072681704260652,791.0,Model_Img_Reseau_Xception_V04,Xception Adam 4000-2000 SIZE400   DR50-CC1024-CC1024-DR50- BATCH8,CNN46
794,1180,0.5,0.4248366013071895,0.4593639575971731,153.0,Model_Img_Reseau_Xception_V04,Xception Adam 4000-2000 SIZE400   DR50-CC1024-CC1024-DR50- BATCH8,CNN46
795,1280,0.4402985074626865,0.4240246406570842,0.4320083682008368,974.0,Model_Img_Reseau_Xception_V04,Xception Adam 4000-2000 SIZE400   DR50-CC1024-CC1024-DR50- BATCH8,CNN46
796,1281,0.4006410256410256,0.3019323671497584,0.3443526170798898,414.0,Model_Img_Reseau_Xception_V04,Xception Adam 4000-2000 SIZE400   DR50-CC1024-CC1024-DR50- BATCH8,CNN46
797,1300,0.644122383252818,0.7928642220019821,0.7107952021323856,1009.0,Model_Img_Reseau_Xception_V04,Xception Adam 4000-2000 SIZE400   DR50-CC1024-CC1024-DR50- BATCH8,CNN46
798,1301,0.65,0.6459627329192547,0.64797507788162,161.0,Model_Img_Reseau_Xception_V04,Xception Adam 4000-2000 SIZE400   DR50-CC1024-CC1024-DR50- BATCH8,CNN46
799,1302,0.5191011235955056,0.463855421686747,0.4899257688229056,498.0,Model_Img_Reseau_Xception_V04,Xception Adam 4000-2000 SIZE400   DR50-CC1024-CC1024-DR50- BATCH8,CNN46
800,1320,0.5383304940374787,0.4876543209876543,0.5117408906882591,648.0,Model_Img_Reseau_Xception_V04,Xception Adam 4000-2000 SIZE400   DR50-CC1024-CC1024-DR50- BATCH8,CNN46
801,1560,0.6530172413793104,0.5970443349753695,0.6237776634071024,1015.0,Model_Img_Reseau_Xception_V04,Xception Adam 4000-2000 SIZE400   DR50-CC1024-CC1024-DR50- BATCH8,CNN46
802,1920,0.7990867579908676,0.8130081300813008,0.8059873344847438,861.0,Model_Img_Reseau_Xception_V04,Xception Adam 4000-2000 SIZE400   DR50-CC1024-CC1024-DR50- BATCH8,CNN46
803,1940,0.5882352941176471,0.6832298136645962,0.6321839080459771,161.0,Model_Img_Reseau_Xception_V04,Xception Adam 4000-2000 SIZE400   DR50-CC1024-CC1024-DR50- BATCH8,CNN46
804,2060,0.5536261491317671,0.5425425425425425,0.5480283114256825,999.0,Model_Img_Reseau_Xception_V04,Xception Adam 4000-2000 SIZE400   DR50-CC1024-CC1024-DR50- BATCH8,CNN46
805,2220,0.5579710144927537,0.4666666666666667,0.5082508250825083,165.0,Model_Img_Reseau_Xception_V04,Xception Adam 4000-2000 SIZE400   DR50-CC1024-CC1024-DR50- BATCH8,CNN46
806,2280,0.6958661417322834,0.7426470588235294,0.7184959349593496,952.0,Model_Img_Reseau_Xception_V04,Xception Adam 4000-2000 SIZE400   DR50-CC1024-CC1024-DR50- BATCH8,CNN46
807,2403,0.6929046563192904,0.6544502617801047,0.6731287022078621,955.0,Model_Img_Reseau_Xception_V04,Xception Adam 4000-2000 SIZE400   DR50-CC1024-CC1024-DR50- BATCH8,CNN46
808,2462,0.5403726708074534,0.6126760563380281,0.5742574257425742,284.0,Model_Img_Reseau_Xception_V04,Xception Adam 4000-2000 SIZE400   DR50-CC1024-CC1024-DR50- BATCH8,CNN46
809,2522,0.6602112676056338,0.751503006012024,0.7029053420805997,998.0,Model_Img_Reseau_Xception_V04,Xception Adam 4000-2000 SIZE400   DR50-CC1024-CC1024-DR50- BATCH8,CNN46
810,2582,0.5447570332480819,0.4111969111969112,0.4686468646864686,518.0,Model_Img_Reseau_Xception_V04,Xception Adam 4000-2000 SIZE400   DR50-CC1024-CC1024-DR50- BATCH8,CNN46
811,2583,0.8245273873000485,0.8330068560235063,0.8287454323995128,2042.0,Model_Img_Reseau_Xception_V04,Xception Adam 4000-2000 SIZE400   DR50-CC1024-CC1024-DR50- BATCH8,CNN46
812,2585,0.5391498881431768,0.4829659318637274,0.5095137420718816,499.0,Model_Img_Reseau_Xception_V04,Xception Adam 4000-2000 SIZE400   DR50-CC1024-CC1024-DR50- BATCH8,CNN46
813,2705,0.5212947189097104,0.5543478260869565,0.5373134328358209,552.0,Model_Img_Reseau_Xception_V04,Xception Adam 4000-2000 SIZE400   DR50-CC1024-CC1024-DR50- BATCH8,CNN46
814,2905,0.4360902255639097,0.6666666666666666,0.5272727272727272,174.0,Model_Img_Reseau_Xception_V04,Xception Adam 4000-2000 SIZE400   DR50-CC1024-CC1024-DR50- BATCH8,CNN46
815,accuracy,0.6363636363636364,0.6363636363636364,0.6363636363636364,0.6363636363636364,Model_Img_Reseau_Xception_V04,Xception Adam 4000-2000 SIZE400   DR50-CC1024-CC1024-DR50- BATCH8,CNN46
816,macro avg,0.5930720393525334,0.5975313535844103,0.59232322486523,16984.0,Model_Img_Reseau_Xception_V04,Xception Adam 4000-2000 SIZE400   DR50-CC1024-CC1024-DR50- BATCH8,CNN46
817,weighted avg,0.6325899305132567,0.6363636363636364,0.6325335847916549,16984.0,Model_Img_Reseau_Xception_V04,Xception Adam 4000-2000 SIZE400   DR50-CC1024-CC1024-DR50- BATCH8,CNN46
